Workbook

Sheet Sheet1
B2: TEST CASE
B3: Version: | C3: 1.0
B4: Issue date: | C4: 46268
B6: Project Name: | C6: LD INDONESIA
B7: Project Code: | C7: LD - 2026
B10: Record of change:
B11: Effective Date | C11: Version | D11: Change location | E11: Change description | F11: Originator | G11: Reviewer/ Approver | H11: Reference
B12: 46268 | C12: 1.0 | D12: Surabaya | E12: Initial Release | F12: Zeva Lorensia N | G12: - | H12: N/A

Sheet Admin
A1: TEST CASE
A2: System Name： | B2: LD INDONESIA
A3: Module Code： | B3: LD - Admin
A4: Test requirement:
A5: Pass | B5: =COUNTIF(G:G,"Pass") -> 68 | C5: Pending | D5: =COUNTIF(G:G,"Pending") -> 0
A6: Fail | B6: =COUNTIF(G:G,"Fail") -> 5 | C6: Number of test cases | D6: =COUNTIF(A:A,"*TC*") -> 73
A8: ID | B8: Test Case Description | C8: Test Case Procedure | D8: Test Data | E8: Expected Output | F8: Test date | G8: Result | H8: Note | I8: Screenshoot
A10: 1.Login
A11: TC1 | B11: Lupa Password dengan email terdaftar | C11: 1. Buka halaman login. 2. Klik Lupa Password. 3. Masukkan email terdaftar. 4. Masukkan Password baru & Konfirmasi 5. Klik tombol Simpan Password Baru | D11: yoeladmin@gmail.com pass:12345678 | E11: 1. Sistem menerima email dan melanjutkan proses reset password. | F11: 46268 | G11: Pass
A12: TC2 | B12: Lupa Password dengan email tidak terdaftar | C12: 1. Buka halaman login. 2. Klik Lupa Password. 3. Masukkan email tidak terdaftar. 4. Masukkan Password baru & Konfirmasi 5. Klik tombol Simpan Password Baru | D12: tidakterdaftar@gmail.com pass:12345678 | E12: 1. Sistem menampilkan peringatan bahwa email tidak ditemukan 2. Proses reset password tidak berhasil dan admin masih dihalaman Atur password baru. | F12: 46268 | G12: Pass
A13: TC3 | B13: Lupa Password dengan email kosong | C13: 1. Buka halaman login. 2. Klik Lupa Password. 3. Kosongkan email. 4. Masukkan Password baru & Konfirmasi 5. Klik tombol Simpan Password Baru | D13: Email: kosong pass:12345678 | E13: 1.Sistem menampilkan validasi bahwa pastikan data reset valid . | F13: 46268 | G13: Pass
A14: TC4 | B14: Lupa Password dengan format email tidak valid | C14: 1. Buka halaman login. 2. Klik Lupa Password. 3. Masukkan email dengan format tidak valid. 4. Masukkan Password baru & Konfirmasi 5. Klik tombol Simpan Password Baru | D14: admingmail.com | E14: 1. Sistem menampilkan validasi masukkan email yang valid. | F14: 46268 | G14: Pass
A15: TC5 | B15: Membuat password kurang dari 8 karakter | C15: 1. Buka halaman login. 2. Klik Lupa Password. 3. Masukkan email terdaftar. 4. Masukkan Password baru & Konfirmasi dengan karakter kurang dari 8 5. Klik tombol Simpan Password Baru | D15: Password: 1234567 | E15: Sistem menolak password dan menampilkan validasi bahwa password minimal 8 karakter. | F15: 46268 | G15: Pass | H15: Pesan validasi baiknya diganti "password minimal 8" agar user paham | I15: Screenshot 2026-09-06 133600.png
A16: TC6 | B16: Membuat password tepat 8 karakter | C16: 1. Buka halaman login. 2. Klik Lupa Password. 3. Masukkan email terdaftar. 4. Masukkan Password baru & Konfirmasi dengan 8 karakter 5. Klik tombol Simpan Password Baru | D16: Password: 12345678 | E16: 1. Sistem menerima email dan melanjutkan proses reset password. | F16: 46268 | G16: Pass
A17: TC7 | B17: Membuat password lebih dari 8 karakter | C17: 1. Buka halaman login. 2. Klik Lupa Password. 3. Masukkan email terdaftar. 4. Masukkan Password baru & Konfirmasi dengan karakter lebih dari 8 5. Klik tombol Simpan Password Baru | D17: Password: Adminnn123 | E17: 1. Sistem menerima email dan melanjutkan proses reset password. | F17: 46268 | G17: Pass
A18: TC8 | B18: Membuat Password dengan field password kosong | C18: 1. Buka halaman login. 2. Klik Lupa Password. 3. Masukkan email terdaftar. 4. Kosongkan Password 5. Isi Konfirmasi password 6. Klik tombol Simpan Password Baru | D18: Password: kosong | E18: 1.Sistem menampilkan validasi bahwa pastikan data reset valid . | F18: 46268 | G18: Pass
A19: TC9 | B19: Membuat Password dengan field konfirmasi password kosong | C19: 1. Buka halaman login. 2. Klik Lupa Password. 3. Masukkan email terdaftar. 4. Isi Password 5. Kosongkan Konfirmasi password 6. Klik tombol Simpan Password Baru | D19: Password: Adminnn123 Konfirmasi: kosong | E19: 1.Sistem menampilkan validasi bahwa pastikan data reset valid . | F19: 46268 | G19: Pass
A20: TC10 | B20: Password dan konfirmasi password berbeda | C20: 1. Buka halaman login. 2. Klik Lupa Password. 3. Masukkan email terdaftar. 4. Masukkan password baru. 5.. Masukkan konfirmasi password yang berbeda. 6. Klik tombol Simpan Password Baru | D20: Password: Adminnn123 Konfirmasi: Adminnn345 | E20: Sistem menolak perubahan password dan menampilkan peringatan validasi bahwa pastikan data reset valid | F20: 46268 | G20: Pass
A21: TC11 | B21: Login dengan Email dan Password valid | C21: 1. Buka website LD Indonesia. 2. Pastikan halaman Landing Page berhasil ditampilkan. 3. Klik tombol Masuk. 4. Masukkan email yang valid. 5. Masukkan password yang valid. 6. Klik tombol Masuk. | D21: Email : admin@ldindonesia.test Password : password | E21: 1. Halaman Login berhasil ditampilkan. 2. Sistem menerima email dan password yang valid. 3. Sistem melakukan autentikasi pengguna. 4. Pengguna berhasil login. 5. Dashboard ditampilkan sesuai hak akses pengguna. | F21: 46268 | G21: Pass
A22: TC12 | B22: Login dengan Email dan Password tidak valid | C22: 1. Buka website LD Indonesia. 2. Pastikan halaman Landing Page berhasil ditampilkan. 3. Klik tombol Masuk. 4. Masukkan email yang tidak valid. 5. Masukkan password tidak yang valid. 6. Klik tombol Masuk. | D22: Email : admin@.test Password : admin | E22: Sistem menolak proses login. Pesan kesalahan ditampilkan "Email atau password salah." Pengguna tetap berada pada halaman Login. Kolom login tetap dapat diedit untuk mencoba kembali. | F22: 46268 | G22: Pass | H22: Kalimat peringatan tidak konsisten | I22: Screenshot 2026-09-03 151305.png
A23: TC13 | B23: Login dengan email yang tidak valid dan password yang valid | C23: 1. Buka website LD Indonesia. 2. Pastikan halaman Landing Page berhasil ditampilkan. 3. Klik tombol Masuk. 4. Masukkan email yang tidak valid. 5. Masukkan password yang valid. 6. Klik tombol Masuk. | D23: Email : admin@.test Password : password | E23: Sistem menolak proses login. Pesan kesalahan ditampilkan,"Masukkan alamat email yang valid." Pengguna tetap berada pada halaman Login. Kolom login tetap dapat diedit untuk mencoba kembali. | F23: 46268 | G23: Pass
A24: TC14 | B24: Login dengan email yang valid dan password yang tidak valid | C24: 1. Buka website LD Indonesia. 2. Pastikan halaman Landing Page berhasil ditampilkan. 3. Klik tombol Masuk. 4. Masukkan email yang valid. 5. Masukkan password yang tidak valid. 6. Klik tombol Masuk. | D24: Email : admin@ldindonesia.test Password : admin | E24: Sistem menolak proses login. Pesan kesalahan ditampilkan,"Masukkan password yang valid." Pengguna tetap berada pada halaman Login. Kolom login tetap dapat diedit untuk mencoba kembali. | F24: 46268 | G24: Fail | I24: Screenshot 2026-09-03 145116.png
A25: TC15 | B25: Login dengan email kosong | C25: 1. Buka website LD Indonesia. 2. Pastikan halaman Landing Page berhasil ditampilkan. 3. Klik tombol Masuk. 4. Kosongkan email 5. Masukkan password yang valid. 6. Klik tombol Masuk. | D25: Email : - Password : password | E25: Sistem menolak proses login. Pesan kesalahan ditampilkan,"Email wajib diisi." Pengguna tetap berada pada halaman Login. Kolom login tetap dapat diedit untuk mencoba kembali. | F25: 46268 | G25: Pass
A26: TC16 | B26: Login dengan password kosong | C26: 1. Buka website LD Indonesia. 2. Pastikan halaman Landing Page berhasil ditampilkan. 3. Klik tombol Masuk. 4. Masukkan email yang valid. 5. Kosongkan password. 6. Klik tombol Masuk. | D26: Email : admin@ldindonesia.test Password : - | E26: Sistem menolak proses login. Pesan kesalahan ditampilkan,"Password wajib diisi." Pengguna tetap berada pada halaman Login. Kolom login tetap dapat diedit untuk mencoba kembali. | F26: 46268 | G26: Pass
A27: TC17 | B27: Login dengan email dan password kosong | C27: 1. Buka website LD Indonesia. 2. Pastikan halaman Landing Page berhasil ditampilkan. 3. Klik tombol Masuk. 4. Kosongkan email. 5. Kosongkan password. 6. Klik tombol Masuk. | D27: Email : - Password : - | E27: Sistem menolak proses login. Pesan kesalahan ditampilkan,"Email dan Password wajib diisi." Pengguna tetap berada pada halaman Login. Kolom login tetap dapat diedit untuk mencoba kembali. | F27: 46268 | G27: Pass | H27: Pesan kesalahannya masi "email wajib diisi" | I27: Screenshot 2026-09-03 151951.png
A28: 2. Dashboard
A29: TC18 | B29: Dashboard | C29: 1. Login menggunakan akun Admin yang valid. | D29: Login Admin | E29: 1. Halaman Dashboard berhasil ditampilkan. 2. URL mengarah ke /dashboard. | F29: 46268 | G29: Pass
A30: TC19 | B30: Informasi Pengguna | C30: 1. Login menggunakan akun Admin yang valid. | D30: Login Admin | E30: 1. Halaman Dashboard berhasil ditampilkan. 2. Informasi pengguna ditampilkan di pojok kanan atas. 3. Nama pengguna ditampilkan dengan benar. 4. Role pengguna (Admin) ditampilkan dengan benar. | F30: 46268 | G30: Pass
A31: TC20 | B31: Card Statistik | C31: 1. Login menggunakan akun Admin yang valid. | D31: Login Admin | E31: 1. Halaman Dashboard berhasil ditampilkan. 2. Card Total Siswa ditampilkan. 3. Card Total Modul ditampilkan. 4. Card Perlu Penilaian ditampilkan. 5. Nilai pada setiap card sesuai dengan data yang tersedia. 6. Jika belum terdapat data, nilai yang ditampilkan adalah 0. | F31: 46268 | G31: Pass
A32: TC21 | B32: Ringkasan Modul | C32: 1. Login menggunakan akun Admin yang valid. | D32: Login Admin | E32: 1. Halaman Dashboard berhasil ditampilkan. 2. Ringkasan Modul ditampilkan pada Dashboard. 3. Daftar kategori modul (Materi, Simulasi Hören, Simulasi Lesen, Simulasi Schreiben, dan Simulasi Sprechen) ditampilkan. 4.Jumlah pada setiap kategori ditampilkan sesuai data yang tersedia. 5. Jika belum terdapat data, jumlah yang ditampilkan adalah 0. | F32: 46268 | G32: Pass
A33: TC22 | B33: Daftar Perlu Dinilai | C33: 1. Login menggunakan akun Admin yang valid. | D33: Login Admin | E33: 1. Halaman Dashboard berhasil ditampilkan. 2. Panel Perlu Dinilai ditampilkan pada Dashboard. 3. Jika terdapat tugas yang belum dinilai, daftar tugas ditampilkan. 4. Jika tidak terdapat tugas yang belum dinilai, sistem menampilkan pesan "Tidak ada pengerjaan yang menunggu penilaian." | F33: 46268 | G33: Pass
A34: TC23 | B34: Lihat Semua Modul | C34: 1. Login menggunakan akun Admin yang valid. 2. Klik tombol Lihat semua modul pada card ringkasan modul. | D34: Login Admin | E34: 1. Admin diarahkan ke halaman Modul Pembelajaran. 2. Halaman Modul Pembelajaran berhasil ditampilkan. | F34: 46268 | G34: Pass
A35: 3. Modul Pembelajaran
A36: TC24 | B36: Halaman Modul Pembelajaran | C36: 1. Login menggunakan akun Admin yang valid. 2. Klik menu Modul Pembelajaran. | D36: Login Admin | E36: 1. Halaman Kelola Modul berhasil ditampilkan. 2. Daftar modul ditampilkan. 3. Jika belum terdapat data, sistem menampilkan pesan "Modul belum tersedia". | F36: 46268 | G36: Pass
A37: FORM TAMBAH MODUL
A38: TC25 | B38: Tambah Modul Kategori Materi (Data Valid) | C38: 1. Login menggunakan akun Admin yang valid. 2. Klik menu Modul Pembelajaran. 3. Klik Tambah Modul 4. Isi Judul Modul. 5. Pilih Level. 6. Pilih kategori Materi. 7. Isi Deskripsi. 8. Unggah file materi. 9. Klik Selanjutnya. 10.Tambahkan soal. 11. Isi pilihan jawaban. 12. Isi penjelasan jawaban (opsional) 13. Klik Simpan Semua Soal. | D38: Judul Modul : Einführung A1 Level : A1 Kategori: Materi Deskripsi: Materi pengenalan bahasa Jerman tingkat A1 File Materi : `Materi_A1_Pengenalan.pdf` Apa arti dari "Guten Morgen"? Pilihan A :Selamat Pagi Pilihan B :Selamat Siang Pilihan C :Selamat Malam Pilihan D :Sampai Jumpa Jawaban Benar : A Penjelasan : "Guten Morgen" digunakan untuk mengucapkan selamat pagi. | E38: 1. Modul berhasil dibuat. 2. Pengguna diarahkan ke halaman Kelola modul 3. Data modul muncul dan tersimpan. | F38: 46268 | G38: Pass
A39: TC26 | B39: Tambah Modul Kategori Simulasi Hoeren (Data Valid) | C39: 1. Login menggunakan akun Admin yang valid. 2. Klik menu Modul Pembelajaran. 3. Klik Tambah Modul 4. Isi Judul Modul. 5. Pilih Level. 6. Pilih kategori Simulasi Hoeren . 7. Isi Deskripsi. 8. Klik Selanjutnya. 9.Tambahkan soal. 10. Upload Audio. 11. Isi pilihan jawaban. 12. Isi penjelasan jawaban (opsional) 13. Klik Simpan Semua Soal. | D39: Judul Modul:Begrüßung Level: A2 Kategori: Simulasi Hören Deskripsi: Simulasi latihan mendengarkan percakapan sederhana bahasa Jerman tingkat A1. Pertanyaan : Berdasarkan audio, apa yang diucapkan saat menyapa di pagi hari? Pilihan A : Guten Morgen Pilihan B : Guten Abend Pilihan C : Gute Nacht Pilihan D : Auf Wiedersehen Jawaban Benar : A Penjelasan : Pada audio terdengar ucapan "Guten Morgen" sebagai salam di pagi hari. | E39: 1. Modul berhasil dibuat. 2. Pengguna diarahkan ke halaman Kelola modul 3. Data modul muncul dan tersimpan. | F39: 46268 | G39: Fail | H39: File materi Audio keterangan "Tidak Ada" | I39: Screenshot 2026-09-03 173647.png
A40: TC27 | B40: Tambah Modul Kategori Simulasi Lesen(Data Valid) | C40: 1. Login menggunakan akun Admin yang valid. 2. Klik menu Modul Pembelajaran. 3. Klik Tambah Modul 4. Isi Judul Modul. 5. Pilih Level. 6. Pilih kategori Simulasi Lesen . 7. Isi Deskripsi. 8. Klik Selanjutnya. 9.Tambahkan soal. 11. Isi pilihan jawaban. 12. Isi penjelasan jawaban (opsional) 13. Klik Simpan Semua Soal. | D40: Judul Modul: Familie Level : B1 Kategori : Simulasi Lesen Deskripsi : Simulasi latihan membaca teks sederhana tentang keluarga. Hallo! Ich heiße Anna. Ich wohne mit meiner Familie in Berlin. Ich habe einen Bruder und eine Schwester. Wir spielen jeden Sonntag zusammen im Park. Pertanyaan : Mit wem wohnt Anna? Pilihan A : Mit ihrer Familie Pilihan B : Mit ihrer Freundin Pilihan C : Allein Pilihan D : Mit ihren Großeltern Jawaban Benar :A Penjelasan : Pada teks tertulis "Ich wohne mit meiner Familie in Berlin." | E40: 1. Modul berhasil dibuat. 2. Pengguna diarahkan ke halaman Kelola modul 3. Data modul muncul dan tersimpan. | F40: 46268 | G40: Pass
A41: TC28 | B41: Tambah Modul Kategori Simulasi Schreiben(Data Valid) | C41: 1. Login menggunakan akun Admin yang valid. 2. Klik menu Modul Pembelajaran. 3. Klik Tambah Modul 4. Isi Judul Modul. 5. Pilih Level. 6. Pilih kategori Simulasi Schreiben. 7. Isi Deskripsi. 8. Klik Selanjutnya. 9.Tambahkan soal. 12. Isi penjelasan jawaban (opsional) 13. Klik Simpan Semua Soal. | D41: Judul Modul : Perkenalan Diri Level : B2 Kategori: Simulasi Schreiben Deskripsi: Simulasi latihan menulis perkenalan diri dalam bahasa Jerman. Instruksi : Schreiben Sie eine kurze Vorstellung über sich selbst (30-50 Wörter). | E41: 1. Modul berhasil dibuat. 2. Pengguna diarahkan ke halaman Kelola modul 3. Data modul muncul dan tersimpan. | F41: 46268 | G41: Pass
A42: TC29 | B42: Tambah Modul Kategori Simulasi Sprechen (Data Valid) | C42: 1. Login menggunakan akun Admin yang valid. 2. Klik menu Modul Pembelajaran. 3. Klik Tambah Modul 4. Isi Judul Modul. 5. Pilih Level. 6. Pilih kategori Simulasi Sprechen. 7. Isi Deskripsi. 8. Klik Selanjutnya. 9.Tambahkan soal. 12. Isi penjelasan jawaban (opsional) 13. Klik Simpan Semua Soal. | D42: Judul Modul : Hobbys Level : A1 Kategori :Simulasi Sprechen Deskripsi : Simulasi latihan berbicara mengenai hobi dalam bahasa Jerman Topik Sprechen : Erzählen Sie über Ihre Hobbys. (Ceritakan tentang hobi Anda.) Sampaikan jawaban selama 1-2 menit menggunakan bahasa Jerman. | E42: 1. Modul berhasil dibuat. 2. Pengguna diarahkan ke halaman Kelola modul 3. Data modul muncul dan tersimpan. | F42: 46268 | G42: Pass
A43: TC30 | B43: Form Tambah Modul dengan Seluruh Field Wajib Kosong | C43: 1.Login menggunakan akun Admin yang valid. 2.Klik menu Modul Pembelajaran. 3.Klik tombol Tambah Modul. 4.Biarkan seluruh field wajib kosong. 5. Klik Selanjutnya. | D43: Login Admin | E43: 1.Sistem menampilkan pesan validasi pada setiap field yang wajib diisi. 2. Admin tidak dapat melanjutkan ke halaman pengisian konten modul. 3. Admin tetap berada pada halaman Tambah Modul. | F43: 46268 | G43: Pass | H43: Untuk pesan deskripsinya belum muncul | I43: Screenshot 2026-09-03 203828.png
A44: TC31 | B44: Form Tambah Modul dengan Judul Modul Kosong | C44: 1. Login menggunakan akun Admin yang valid. 2. Klik menu Modul Pembelajaran. 3. Klik Tambah Modul 4. Kosongkan Judul Modul. 5. Pilih Level. 6. Pilih kategori Materi. 7. Isi Deskripsi. 8. Unggah file materi. 9. Klik Selanjutnya. | D44: Judul Modul: - Level: A1 Kategori: Materi Deskripsi : Materi pengenalan kosakata dan salam dalam bahasa Jerman. | E44: 1. Sistem menampilkan pesan bahwa Judul Modul wajib diisi. 2. Admin tidak dapat melanjutkan ke halaman pengisian konten modul. 3. Admin tetap berada pada halaman Tambah Modul. | F44: 46268 | G44: Pass
A45: TC32 | B45: Form Tambah Modul dengan Level Kosong | C45: 1. Login menggunakan akun Admin yang valid. 2. Klik menu Modul Pembelajaran. 3. Klik Tambah Modul 4. Isi Judul Modul. 5. Kosongkan Level. 6. Pilih kategori Materi. 7. Isi Deskripsi. 8. Unggah file materi. 9. Klik Selanjutnya. | D45: Judul Modul: Einführung Level: - Kategori: Materi Deskripsi : Materi pengenalan kosakata dan salam dalam bahasa Jerman. | E45: 1. Sistem menampilkan pesan "Pilih level modul" 2. Admin tidak dapat melanjutkan ke halaman pengisian konten modul. 3. Admin tetap berada pada halaman Tambah Modul. | F45: 46268 | G45: Pass
A46: TC33 | B46: Form Tambah Modul dengan Kategori Kosong | C46: 1. Login menggunakan akun Admin yang valid. 2. Klik menu Modul Pembelajaran. 3. Klik Tambah Modul 4. Isi Judul Modul. 5. Pilih Level. 6. Kosongkan kategori. 7. Isi Deskripsi. 8. Klik Selanjutnya. | D46: Judul Modul: Einführung Level: A1 Kategori: - Deskripsi : Materi pengenalan kosakata dan salam dalam bahasa Jerman. | E46: 1. Sistem menampilkan pesan "Pilih kategori modul" 2. Admin tidak dapat melanjutkan ke halaman pengisian konten modul. 3. Admin tetap berada pada halaman Tambah Modul. | F46: 46268 | G46: Pass
A47: TC34 | B47: Form Tambah Modul dengan Deskripsi Kosong | C47: 1. Login menggunakan akun Admin yang valid. 2. Klik menu Modul Pembelajaran. 3. Klik Tambah Modul 4. Isi Judul Modul. 5. Pilih Level. 6. Pilih kategori Materi. 7. Kosongkan Deskripsi. 8. Unggah File Materi 9. Klik Selanjutnya. | D47: Judul Modul: Einführung Level: A1 Kategori: Materi Deskripsi : - | E47: 1. Sistem menampilkan pesan "Deskripsi wajib diisi" 2. Admin tidak dapat melanjutkan ke halaman pengisian konten modul. 3. Admin tetap berada pada halaman Tambah Modul. | F47: 46268 | G47: Fail | I47: Screenshot 2026-09-03 212640.png
A48: TC35 | B48: Form Tambah Modul Kategori Materi dengan File Kosong | C48: 1. Login menggunakan akun Admin yang valid. 2. Klik menu Modul Pembelajaran. 3. Klik Tambah Modul 4. Isi Judul Modul. 5. Pilih Level. 6. Pilih kategori Materi. 7. Isi Deskripsi. 8. Kosongkan File Materi 9. Klik Selanjutnya. | D48: Judul Modul: Einführung Level: A1 Kategori: Materi Deskripsi : Materi pengenalan kosakata dan salam dalam bahasa Jerman. | E48: 1. Sistem menampilkan pesan "File wajib diunggah " 2. Admin tidak dapat melanjutkan ke halaman pengisian konten modul. 3. Admin tetap berada pada halaman Tambah Modul. | F48: 46268 | G48: Fail | I48: Screenshot 2026-09-03 212427.png
A49: KONTEN MODUL
A50: TC36 | B50: Menambahkan Lebih dari Satu Soal pada Modul Materi | C50: 1. Login menggunakan akun Admin yang valid. 2. Klik menu Modul Pembelajaran. 3. Klik Tambah Modul 4. Isi Judul Modul. 5. Pilih Level. 6. Pilih kategori Materi. 7. Isi Deskripsi. 8. Upload File Materi 9. Klik Selanjutnya. 10. Tambahkan soal (lebih dari 1 ). 11. Klik simpan semua soal. | D50: Apa arti dari "Guten Morgen"? Pilihan A :Selamat Pagi Pilihan B :Selamat Siang Pilihan C :Selamat Malam Pilihan D :Sampai Jumpa Jawaban Benar : A Penjelasan : "Guten Morgen" digunakan untuk mengucapkan selamat pagi. | E50: 1.Soal baru berhasil ditambahkan setiap kali tombol + Tambah Soal diklik. 2.Seluruh soal berhasil disimpan. 3. Jumlah soal sesuai dengan yang ditambahkan. | F50: 46268 | G50: Pass
A51: TC37 | B51: Tambah Soal dengan Pertanyaan Kosong | C51: 1. Login menggunakan akun Admin yang valid. 2. Klik menu Modul Pembelajaran. 3. Klik Tambah Modul 4. Isi Judul Modul. 5. Pilih Level. 6. Pilih kategori Materi. 7. Isi Deskripsi. 8. Upload File Materi 9. Klik Selanjutnya. 10. Kosongkan soal. 11. Klik simpan semua soal. | D51: Pertanyaan (Kosong) Pilihan A :Selamat Pagi Pilihan B :Selamat Siang Pilihan C :Selamat Malam Pilihan D :Sampai Jumpa Jawaban Benar : A | E51: 1. Soal tidak berhasil disimpan. 2. Sistem menampilkan pesan bahwa Pertanyaan wajib diisi. 3. Pengguna tetap berada pada halaman tambah soal. | F51: 46268 | G51: Pass
A52: TC38 | B52: Tambah Soal dengan Pilihan Jawaban Tidak Lengkap / Kosong | C52: 1. Login menggunakan akun Admin yang valid. 2. Klik menu Modul Pembelajaran. 3. Klik Tambah Modul 4. Isi Judul Modul. 5. Pilih Level. 6. Pilih kategori Materi. 7. Isi Deskripsi. 8. Upload File Materi 9. Klik Selanjutnya. 10. Tambahkan soal. 11. Kosongkan Opsi Pilihan 11. Klik simpan semua soal. | D52: Pertanyaan Apa arti "Guten Morgen"? Pilihan A :Selamat Pagi Pilihan B :Selamat Siang Pilihan C :(Kosong) Pilihan D :(Kosong) Jawaban Benar A | E52: 1. Soal tidak berhasil disimpan. 2. Sistem menampilkan pesan "Opsi x pada soal nomor x belum diisi". 3. Pengguna tetap berada pada halaman tambah soal. | F52: 46268 | G52: Pass
A53: TC39 | B53: Melihat Detail Modul | C53: 1. Login menggunakan akun Admin yang valid. 2. Klik menu Modul Pembelajaran. 3. Klik ikon Lihat pada salah satu modul. | D53: Modul Einführung A1 | E53: 1.Sistem menampilkan halaman detail modul. 2. Informasi modul, materi, dan soal ditampilkan sesuai data yang tersimpan. | F53: 46268 | G53: Pass | H53: Tombol Kembali masih menuju form , File PDF kosong apakah tidk bs muncul filenya ?
A54: TC40 | B54: Edit Modul | C54: Login menggunakan akun Admin yang valid. Klik menu Modul Pembelajaran. Klik ikon Edit pada salah satu modul. Ubah data modul. Klik tombol Simpan. | D54: Judul Modul: Einführung A1 > Einführung A1 Dasar Deskripsi: Materi pengenalan bahasa Jerman > Materi pengenalan kosakata bahasa Jerman tingkat A1. | E54: 1. Sistem berhasil menyimpan perubahan modul. 2. Data modul pada daftar modul diperbarui sesuai perubahan. | F54: 46268 | G54: Pass | H54: Tombol Kembali masih menuju form , File PDF kosong apakah tidk bs muncul filenya ?
A55: TC41 | B55: Hapus Modul | C55: 1.Login menggunakan akun Admin yang valid. 2.Klik menu Modul Pembelajaran. 3.Klik ikon Hapus pada salah satu modul. 4. Klik tombol Konfirmasi. | D55: Modul Einführung A1 | E55: 1.Sistem menampilkan pesan berhasil menghapus modul. 2.Modul tidak lagi ditampilkan pada daftar modul. | F55: 46268 | G55: Pass
A56: TC42 | B56: Rilis Modul | C56: 1. Login menggunakan akun Admin yang valid. 2. Klik menu Modul Pembelajaran. 3. Cari modul yang belum dirilis (ikon mata tertutup). 4. Klik ikon Rilis (ikon mata) | D56: Modul Einführung A1 | E56: 1. Status rilis modul berhasil diperbarui. 2. Ikon Rilis berubah dari mata tertutup menjadi mata terbuka. 3. Modul tidak lagi ditampilkan pada halaman siswa. | F56: 46268 | G56: Pass
A57: TC43 | B57: Batalkan Rilis Modul | C57: 1. Login menggunakan akun Admin yang valid. 2. Klik menu Modul Pembelajaran. 3. Cari modul yang sudah dirilis (ikon mata terbuka). 4. Klik ikon Rilis (ikon mata). | D57: Modul Einführung A1 | E57: 1. Status rilis modul berhasil diperbarui. 2. Ikon Rilis berubah dari mata terbuka menjadi mata tertutup. 3. Modul tidak lagi ditampilkan pada halaman siswa. | F57: 46268 | G57: Pass
A58: TC44 | B58: Pencarian Modul | C58: 1. Login menggunakan akun Admin yang valid. 2. Klik menu Modul Pembelajaran. 3. Masukkan kata kunci pada kolom pencarian. 4. Klik tombol Cari. | D58: Kata Kunci : Einführung | E58: 1. Sistem menampilkan daftar modul yang sesuai dengan kata kunci pencarian. | F58: 46268 | G58: Pass
A59: TC45 | B59: Pencarian Modul dengan Kata Kunci yang Tidak Ditemukan | C59: 1. Login menggunakan akun Admin yang valid. 2. Klik menu Modul Pembelajaran. 3. Masukkan kata kunci pada kolom pencarian. 4. Klik tombol Cari. | D59: Kata Kunci : XYZ123 | E59: 1. Sistem menampilkan informasi bahwa data modul tidak tersedia. 2. Tidak ada data modul yang ditampilkan pada daftar hasil pencarian. | F59: 46268 | G59: Pass
A60: TC46 | B60: Filter Modul Berdasarkan Level | C60: 1. Login menggunakan akun Admin yang valid. 2. Klik menu Modul Pembelajaran. 3. Pilih level pada filter. | D60: Level A1 | E60: 1. Sistem menampilkan daftar modul dengan level A1. Modul dengan level selain A1 tidak ditampilkan. | F60: 46268 | G60: Pass
A61: 4. PERFORMA SISWA
A62: TC47 | B62: Halaman Performa SIswa | C62: 1. Login menggunakan akun Admin yang valid. 2. Klik menu Performa Siswa | D62: Login Admin | E62: 1. Halaman Kelola Modul berhasil ditampilkan. 2. Daftar Perfoma siswa ditampilkan. 3. Jika belum terdapat data, sistem menampilkan pesan "Belum ada data siswa". | F62: 46268 | G62: Pass
A63: TC48 | B63: Detail Performa Siswa | C63: 1. Login menggunakan akun Admin yang valid. 2. Klik menu Performa Siswa. 3. Klik ikon Lihat pada salah satu siswa. | D63: Siswa A1 | E63: 1. Sistem menampilkan halaman Detail Siswa. 2. Sistem menampilkan informasi profil siswa. 3. Sistem menampilkan ringkasan nilai setiap kategori. 4. Sistem menampilkan riwayat aktivitas siswa. | F63: 46268 | G63: Pass
A64: TC49 | B64: Detail Hasil Pengerjaan Siswa | C64: 1. Login menggunakan akun Admin yang valid. 2. Klik menu Performa Siswa. 3. Klik ikon Lihat pada salah satu siswa. 4. Klik tombol Lihat pada salah satu riwayat aktivitas. | D64: Konjugasi | E64: 1. Sistem menampilkan halaman detail hasil pengerjaan. | F64: 46268 | G64: Pass
A65: TC50 | B65: Pencarian Performa Siswa | C65: 1. Login menggunakan akun Admin yang valid. 2. Klik menu Performa Siswa. 3. Masukkan nama siswa pada kolom pencarian. | D65: wawa | E65: 1. Sistem menampilkan data siswa yang sesuai dengan kata kunci pencarian. | F65: 46268 | G65: Pass
A66: TC51 | B66: Pencarian Performa Siswa Tidak Ditemukan | C66: 1. Login menggunakan akun Admin yang valid. 2. Klik menu Performa Siswa. 3. Masukkan nama siswa yang tidak terdaftar. | D66: ABC123XYZ | E66: 1. Sistem menampilkan informasi bahwa data siswa tidak ditemukan. | F66: 46268 | G66: Fail | H66: masi menunjukan data ada walaupun tidak muncul "Menampilkan 1–2 dari 2 siswa" | I66: Screenshot 2026-09-06 010418.png
A67: TC52 | B67: Filter Berdasarkan Level | C67: 1. Login menggunakan akun Admin yang valid. 2. Klik menu Performa Siswa. 3. Pilih level pada filter. | D67: A1 | E67: 1. Sistem hanya menampilkan siswa dengan level yang dipilih. | F67: 46268 | G67: Pass
A68: TC53 | B68: Ekspor Data Performa Siswa ke Excel | C68: 1. Login menggunakan akun Admin yang valid. 2. Klik menu Performa Siswa. 3. Klik tombol Ekspor Excel. | D68: Excel (.xlsx) | E68: 1. Sistem berhasil mengekspor data performa seluruh siswa ke file Excel. 2. File Excel berhasil diunduh. | F68: 46268 | G68: Pass
A69: TC54 | B69: Filter Riwayat Aktivitas Siswa Berdasarkan Kategori | C69: 1. Login menggunakan akun Admin yang valid. 2. Klik menu Performa Siswa. 3. Klik ikon Lihat pada salah satu siswa. 4.Pilih kategori pada filter riwayat aktivitas. | D69: Materi | E69: 1. Sistem menampilkan riwayat aktivitas sesuai kategori yang dipilih. | F69: 46268 | G69: Pass
A70: TC55 | B70: Filter Riwayat Aktivitas Siswa Berdasarkan Waktu | C70: 1. Login menggunakan akun Admin yang valid. 2. Klik menu Performa Siswa. 3. Klik ikon Lihat pada salah satu siswa. 4. Pilih waktu pada filter. | D70: Bulan Ini | E70: 1. Sistem menampilkan riwayat aktivitas sesuai periode waktu yang dipilih. | F70: 46268 | G70: Pass
A71: TC56 | B71: Ekspor Data Detail Siswa ke Excel | C71: 1. Login menggunakan akun Admin yang valid. 2. Klik menu Performa Siswa. 3. Klik ikon Lihat pada salah satu siswa. 4. Klik tombol Ekspor. | D71: Excel (.xlsx) | E71: 1. Sistem berhasil mengekspor data performa siswa ke file Excel. 2. File Excel berhasil diunduh. | F71: 46268 | G71: Pass
A72: 5. PENGGUNA
A73: TC57 | B73: Halaman Pengguna | C73: 1. Login menggunakan akun Admin yang valid. 2. Klik menu Pengguna. | D73: Login Admin | E73: 1. Sistem menampilkan halaman Kelola Pengguna. 2. Sistem menampilkan daftar pengguna yang telah terdaftar. | F73: 46268 | G73: Pass
A74: TC58 | B74: Tambah Pengguna Admin (Data Valid) | C74: Login menggunakan akun Admin yang valid.. Klik menu Pengguna. Klik Tambah Pengguna. Isi seluruh data. Pilih peran Admin. Klik Simpan. | D74: Nama : Admin Baru Email : adminbaru@gmail.com Peran : Admin Foto Profil : admin.jpg | E74: Sistem menampilkan notifikasi berhasil menambahkan akun Admin. Data pengguna tampil pada daftar pengguna. | F74: 46268 | G74: Pass
A75: TC59 | B75: Tambah Pengguna Tutor (Data Valid) | C75: Login menggunakan akun Admin yang valid. Klik menu Pengguna. Klik Tambah Pengguna. Isi seluruh data. Pilih peran Tutor. Klik Simpan. | D75: Nama : Tutor A1 Email : tutora1@gmail.com Peran : Tutor Foto Profil : tutor.jpg | E75: Sistem berhasil menambahkan akun Tutor. Data pengguna tampil pada daftar pengguna. | F75: 46268 | G75: Pass
A76: TC60 | B76: Tambah Pengguna Siswa (Data Valid) | C76: Login menggunakan akun Admin yang valid. Klik menu Pengguna. Klik Tambah Pengguna. Isi seluruh data. Pilih peran Siswa. Klik Simpan. | D76: Nama : Siswa A1 Email : siswaa1@gmail.com Peran :Siswa Foto Profil : siswa.jpg | E76: Sistem berhasil menambahkan akun Siswa. Data pengguna tampil pada daftar pengguna. | F76: 46268 | G76: Pass
A77: TC61 | B77: Tambah Pengguna dengan Nama Kosong | C77: Login menggunakan akun Admin yang valid. Klik menu Pengguna. Klik Tambah Pengguna. Isi seluruh data, kecuali Nama Pilih peran. Klik Simpan. | D77: Nama :(Kosong) Email :user@gmail.com Peran :Admin | E77: Sistem menampilkan pesan bahwa Nama Pengguna wajib diisi. Data pengguna tidak berhasil disimpan. | F77: 46268 | G77: Pass
A78: TC62 | B78: Tambah Pengguna dengan Email Kosong | C78: Login menggunakan akun Admin yang valid. Klik menu Pengguna. Klik Tambah Pengguna. Isi seluruh data, kecuali Email Pilih peran Siswa. Klik Simpan. | D78: Nama : Admin Baru Email : (Kosong) Peran : Admin | E78: Sistem menampilkan pesan bahwa Email wajib diisi. Data pengguna tidak berhasil disimpan. | F78: 46268 | G78: Pass
A79: TC63 | B79: Tambah Pengguna dengan Format Email Tidak Valid | C79: Login menggunakan akun Admin yang valid. Klik menu Pengguna. Klik Tambah Pengguna. Isi seluruh data, kecuali Email isi dengan format tidak valid Pilih peran Siswa. Klik Simpan. | D79: Nama :Tutor Baru Email : tutorgmail.com Peran : Tutor | E79: Sistem menampilkan pesan bahwa format email tidak valid. Data pengguna tidak berhasil disimpan. | F79: 46268 | G79: Pass
A80: TC64 | B80: Tambah Pengguna dengan Email Sudah Terdaftar | C80: Login menggunakan akun Admin yang valid. Klik menu Pengguna. Klik Tambah Pengguna. Isi seluruh data, kecuali Email isi dengan email yang sudah terdaftar Pilih peran Siswa. Klik Simpan. | D80: Nama : Tutor Baru Email : ch@gmail.com Peran : Tutor | E80: Sistem menampilkan pesan bahwa email sudah digunakan. Data pengguna tidak berhasil disimpan. | F80: 46268 | G80: Pass | H80: Kalau bisa ikon notifikasinya diganti X atau warna merah | I80: Screenshot 2026-09-06 002648.png
A81: TC65 | B81: Tambah Pengguna dengan Peran Kosong | C81: Login menggunakan akun Admin yang valid. Klik menu Pengguna. Klik Tambah Pengguna. Isi seluruh data, kecuali peran Pilih peran Siswa. Klik Simpan. | D81: Nama :Tutor Baru Email : tutorbaru@gmail.com Peran :(Kosong) | E81: Sistem menampilkan pesan bahwa Peran wajib dipilih. Data pengguna tidak berhasil disimpan. | F81: 46268 | G81: Pass
A82: TC66 | B82: Melihat Detail Pengguna | C82: Login menggunakan akun Admin yang valid. Klik menu Pengguna. Klik ikon Lihat. | D82: Pengguna Tutor A1 | E82: Sistem menampilkan detail informasi pengguna. | F82: 46268 | G82: Pass
A83: TC67 | B83: Edit Pengguna | C83: Login menggunakan akun Admin yang valid. Klik menu Pengguna. Klik ikon Edit. Ubah data pengguna. Klik Simpan. | D83: Nama Tutor A1 JejeTutor A1 | E83: Sistem berhasil menyimpan perubahan. Data pengguna diperbarui pada daftar pengguna. | F83: 46268 | G83: Pass
A84: TC68 | B84: Hapus Pengguna | C84: Login menggunakan akun Admin yang valid. Klik menu Pengguna. Klik ikon Edit. Ubah data pengguna. Klik Simpan. | D84: Pengguna Jeje Tutor A1 | E84: Sistem menampilkan pesan berhasil menghapus pengguna. Data pengguna tidak lagi ditampilkan pada daftar pengguna. | F84: 46268 | G84: Pass
A85: TC69 | B85: Pencarian Pengguna | C85: Login menggunakan akun Admin yang valid. Klik menu Pengguna. Masukkan nama atau email pada kolom pencarian. Klik Cari. | D85: Kata Kunci Siswa A1 | E85: Sistem menampilkan pengguna yang sesuai dengan kata kunci. | F85: 46268 | G85: Pass
A86: TC70 | B86: Pencarian Pengguna Tidak Ditemukan | C86: Login menggunakan akun Admin yang valid. Klik menu Pengguna. Masukkan nama atau email pada kolom pencarian. Klik Cari. | D86: Kata Kunci ABCXYZ123 | E86: Sistem menampilkan informasi bahwa data pengguna belum ada. | F86: 46268 | G86: Pass
A87: TC71 | B87: Filter Berdasarkan Status | C87: Login menggunakan akun Admin yang valid. Klik menu Pengguna. Klik filter Status. Pilih Aktif/Non Aktif. | D87: Status Aktif / Non aktif | E87: Sistem hanya menampilkan pengguna dengan status Aktif/ Non aktif. | F87: 46268 | G87: Pass
A88: TC72 | B88: Filter Berdasarkan Peran | C88: Login menggunakan akun Admin yang valid. Klik menu Pengguna. Klik filter Kategori. Pilih Tutor. | D88: Peran Tutor | E88: Sistem hanya menampilkan pengguna dengan peran Tutor. | F88: 46268 | G88: Pass
A89: TC73 | B89: Filter Berdasarkan Level | C89: Login menggunakan akun Admin yang valid. Klik menu Pengguna. Klik filter Level. Pilih A1. | D89: Level A1 | E89: Sistem hanya menampilkan pengguna dengan level A1. | F89: 46268 | G89: Pass

Sheet Siswa
A1: TEST CASE
A2: System Name： | B2: Sirasa
A3: Module Code： | B3: Sirasa - Auditor
A4: Test requirement:
A5: Pass | B5: =COUNTIF(G:G,"Pass") -> 40 | C5: Pending | D5: =COUNTIF(G:G,"Pending") -> 0
A6: Fail | B6: =COUNTIF(G:G,"Fail") -> 2 | C6: Number of test cases: | D6: =COUNTIF(A:A,"*TC*") -> 42
A8: ID | B8: Test Case Description | C8: Test Case Procedure | D8: Test Data | E8: Expected Output | F8: Test date | G8: Result | H8: Note | I8: Screenshoot
A10: 1.Login
A11: TC1 | B11: Lupa Password dengan email terdaftar | C11: 1. Buka halaman login. 2. Klik Lupa Password. 3. Masukkan email terdaftar. 4. Masukkan Password baru & Konfirmasi 5. Klik tombol Simpan Password Baru | D11: siswacoba2@gmail.com pass:12345678 | E11: 1. Sistem menerima email dan melanjutkan proses reset password. | F11: 46269 | G11: Pass
A12: TC2 | B12: Lupa Password dengan email tidak terdaftar | C12: 1. Buka halaman login. 2. Klik Lupa Password. 3. Masukkan email tidak terdaftar. 4. Masukkan Password baru & Konfirmasi 5. Klik tombol Simpan Password Baru | D12: tidakterdaftar@gmail.com pass:12345678 | E12: 1. Sistem menampilkan peringatan bahwa email tidak ditemukan 2. Proses reset password tidak berhasil dan admin masih dihalaman Atur password baru. | F12: 46269 | G12: Pass
A13: TC3 | B13: Lupa Password dengan email kosong | C13: 1. Buka halaman login. 2. Klik Lupa Password. 3. Kosongkan email. 4. Masukkan Password baru & Konfirmasi 5. Klik tombol Simpan Password Baru | D13: Email: kosong pass:12345678 | E13: 1.Sistem menampilkan validasi bahwa pastikan data reset valid . | F13: 46269 | G13: Pass
A14: TC4 | B14: Lupa Password dengan format email tidak valid | C14: 1. Buka halaman login. 2. Klik Lupa Password. 3. Masukkan email dengan format tidak valid. 4. Masukkan Password baru & Konfirmasi 5. Klik tombol Simpan Password Baru | D14: siswagmail.com | E14: 1. Sistem menampilkan validasi masukkan email yang valid. | F14: 46269 | G14: Pass
A15: TC5 | B15: Membuat password kurang dari 8 karakter | C15: 1. Buka halaman login. 2. Klik Lupa Password. 3. Masukkan email terdaftar. 4. Masukkan Password baru & Konfirmasi dengan karakter kurang dari 8 5. Klik tombol Simpan Password Baru | D15: Password: 1234567 | E15: Sistem menolak password dan menampilkan validasi bahwa password minimal 8 karakter. | F15: 46269 | G15: Pass | H15: Pesan validasi baiknya diganti "password minimal 8" agar user paham | I15: Screenshot 2026-09-06 113341.png
A16: TC6 | B16: Membuat password tepat 8 karakter | C16: 1. Buka halaman login. 2. Klik Lupa Password. 3. Masukkan email terdaftar. 4. Masukkan Password baru & Konfirmasi dengan 8 karakter 5. Klik tombol Simpan Password Baru | D16: Password: 12345678 | E16: 1. Sistem menerima email dan melanjutkan proses reset password. | F16: 46269 | G16: Pass
A17: TC7 | B17: Membuat password lebih dari 8 karakter | C17: 1. Buka halaman login. 2. Klik Lupa Password. 3. Masukkan email terdaftar. 4. Masukkan Password baru & Konfirmasi dengan karakter lebih dari 8 5. Klik tombol Simpan Password Baru | D17: Password: Siswaaa123 | E17: 1. Sistem menerima email dan melanjutkan proses reset password. | F17: 46269 | G17: Pass
A18: TC8 | B18: Membuat Password dengan field password kosong | C18: 1. Buka halaman login. 2. Klik Lupa Password. 3. Masukkan email terdaftar. 4. Kosongkan Password 5. Isi Konfirmasi password 6. Klik tombol Simpan Password Baru | D18: Password: kosong | E18: 1.Sistem menampilkan validasi bahwa pastikan data reset valid . | F18: 46269 | G18: Pass
A19: TC9 | B19: Membuat Password dengan field konfirmasi password kosong | C19: 1. Buka halaman login. 2. Klik Lupa Password. 3. Masukkan email terdaftar. 4. Isi Password 5. Kosongkan Konfirmasi password 6. Klik tombol Simpan Password Baru | D19: Password: Siswa123 Konfirmasi: kosong | E19: 1.Sistem menampilkan validasi bahwa pastikan data reset valid . | F19: 46269 | G19: Pass
A20: TC10 | B20: Password dan konfirmasi password berbeda | C20: 1. Buka halaman login. 2. Klik Lupa Password. 3. Masukkan email terdaftar. 4. Masukkan password baru. 5.. Masukkan konfirmasi password yang berbeda. 6. Klik tombol Simpan Password Baru | D20: Password: Siswa123 Konfirmasi: Siswaa345 | E20: Sistem menolak perubahan password dan menampilkan peringatan validasi bahwa pastikan data reset valid | F20: 46269 | G20: Pass
A21: TC11 | B21: Login dengan Email dan Password valid | C21: 1. Buka website LD Indonesia. 2. Pastikan halaman Landing Page berhasil ditampilkan. 3. Klik tombol Masuk. 4. Masukkan email yang valid. 5. Masukkan password yang valid. 6. Klik tombol Masuk. | D21: Email : admin@ldindonesia.test Password : password | E21: 1. Halaman Login berhasil ditampilkan. 2. Sistem menerima email dan password yang valid. 3. Sistem melakukan autentikasi pengguna. 4. Pengguna berhasil login. 5. Dashboard ditampilkan sesuai hak akses pengguna. | F21: 46269 | G21: Pass
A22: TC12 | B22: Login dengan Email dan Password tidak valid | C22: 1. Buka website LD Indonesia. 2. Pastikan halaman Landing Page berhasil ditampilkan. 3. Klik tombol Masuk. 4. Masukkan email yang tidak valid. 5. Masukkan password tidak yang valid. 6. Klik tombol Masuk. | D22: Email : siswa@.test Password : siswa | E22: Sistem menolak proses login. Pesan kesalahan ditampilkan "Email atau password salah." Pengguna tetap berada pada halaman Login. Kolom login tetap dapat diedit untuk mencoba kembali. | F22: 46269 | G22: Pass | H22: Kalimat peringatan tidak konsisten | I22: Screenshot 2026-09-06 135838.png
A23: TC13 | B23: Login dengan email yang tidak valid dan password yang valid | C23: 1. Buka website LD Indonesia. 2. Pastikan halaman Landing Page berhasil ditampilkan. 3. Klik tombol Masuk. 4. Masukkan email yang tidak valid. 5. Masukkan password yang valid. 6. Klik tombol Masuk. | D23: Email : admin@.test Password : password | E23: Sistem menolak proses login. Pesan kesalahan ditampilkan,"Masukkan alamat email yang valid." Pengguna tetap berada pada halaman Login. Kolom login tetap dapat diedit untuk mencoba kembali. | F23: 46269 | G23: Pass
A24: TC14 | B24: Login dengan email yang valid dan password yang tidak valid | C24: 1. Buka website LD Indonesia. 2. Pastikan halaman Landing Page berhasil ditampilkan. 3. Klik tombol Masuk. 4. Masukkan email yang valid. 5. Masukkan password yang tidak valid. 6. Klik tombol Masuk. | D24: Email : admin@ldindonesia.test Password : admin | E24: Sistem menolak proses login. Pesan kesalahan ditampilkan,"Masukkan password yang valid." Pengguna tetap berada pada halaman Login. Kolom login tetap dapat diedit untuk mencoba kembali. | F24: 46269 | G24: Pass
A25: TC15 | B25: Login dengan email kosong | C25: 1. Buka website LD Indonesia. 2. Pastikan halaman Landing Page berhasil ditampilkan. 3. Klik tombol Masuk. 4. Kosongkan email 5. Masukkan password yang valid. 6. Klik tombol Masuk. | D25: Email : - Password : password | E25: Sistem menolak proses login. Pesan kesalahan ditampilkan,"Email wajib diisi." Pengguna tetap berada pada halaman Login. Kolom login tetap dapat diedit untuk mencoba kembali. | F25: 46269 | G25: Pass
A26: TC16 | B26: Login dengan password kosong | C26: 1. Buka website LD Indonesia. 2. Pastikan halaman Landing Page berhasil ditampilkan. 3. Klik tombol Masuk. 4. Masukkan email yang valid. 5. Kosongkan password. 6. Klik tombol Masuk. | D26: Email : admin@ldindonesia.test Password : - | E26: Sistem menolak proses login. Pesan kesalahan ditampilkan,"Password wajib diisi." Pengguna tetap berada pada halaman Login. Kolom login tetap dapat diedit untuk mencoba kembali. | F26: 46269 | G26: Pass
A27: TC17 | B27: Login dengan email dan password kosong | C27: 1. Buka website LD Indonesia. 2. Pastikan halaman Landing Page berhasil ditampilkan. 3. Klik tombol Masuk. 4. Kosongkan email. 5. Kosongkan password. 6. Klik tombol Masuk. | D27: Email : - Password : - | E27: Sistem menolak proses login. Pesan kesalahan ditampilkan,"Email dan Password wajib diisi." Pengguna tetap berada pada halaman Login. Kolom login tetap dapat diedit untuk mencoba kembali. | F27: 46269 | G27: Pass | H27: Pesan kesalahannya masi "email wajib diisi" | I27: Screenshot 2026-09-06 135838.png
A28: 2. Dashboard
A29: TC18 | B29: Dashboard | C29: 1. Login menggunakan akun Siswa yang terdaftar. | D29: Login Siswa | E29: 1. Halaman Dashboard berhasil ditampilkan. 2. URL mengarah ke /dashboard. | F29: 46269 | G29: Pass
A30: TC19 | B30: Informasi Pengguna | C30: 1. Login menggunakan akun Siswa yang Terdaftar. | D30: Login Siswa | E30: 1. Halaman Dashboard berhasil ditampilkan. 2. Informasi pengguna ditampilkan di pojok kanan atas. 3. Nama pengguna ditampilkan dengan benar. 4. Role pengguna (Siswa) ditampilkan dengan benar. | F30: 46269 | G30: Pass
A31: TC20 | B31: Lihat Semua Modul | C31: 1. Login menggunakan akun Siswa yang Terdaftar. 2. Klik tombol Lihat semua modul pada card modul yang perlu dikerjakan. | D31: Login Siswa | E31: 1. Siswa diarahkan ke halaman Modul Pembelajaran. 2. Halaman Modul Pembelajaran berhasil ditampilkan. | F31: 46269 | G31: Pass
A32: TC21 | B32: Aktivitas terakhir | C32: 1. Login menggunakan akun Siswa yang Terdaftar. 2. Klik tombol Lihat semua hasill pada card aktivitas terakhir. | D32: Login Siswa | E32: 1. Siswa diarahkan ke halaman performa siswa . 2. Halaman Performa siswa berhasil ditampilkan. | F32: 46269 | G32: Pass
A33: 3. Modul Pembelajaran
A34: TC22 | B34: Halaman Modul Pembelajaran | C34: 1. Login menggunakan akun Siswa yang Terdaftar. 2. Klik menu Modul Pembelajaran. | D34: siswacoba1@gmail.com pass:12345678 | E34: 1. Halaman Kelola Modul berhasil ditampilkan. 2. Daftar modul ditampilkan. 3. Jika belum terdapat data, sistem menampilkan pesan "Modul belum tersedia". | F34: 46269 | G34: Fail | H34: Untuk siswa baru dan ada modul pembelajaran. Didashboard belum dikerjakan, Namun di menu modul Pembelajaran modul tersebut sudah selesai, dan tidak bisa dilihat Untuk Siswa Baru dan blm ada modul pembelajaran. Didashboard tulisannya " semua modul sudah dikerjakan" | I34: Screenshot 2026-09-06 112314.png Screenshot 2026-09-06 112309.png
A35: TC23 | B35: Pencarian Modul | C35: 1. Login menggunakan akun Siswa yang Terdaftar. 2. Klik menu Modul Pembelajaran. 3. Masukkan kata kunci pada kolom pencarian. 4. Klik tombol Cari. | D35: Nama Modul KONJUGASI | E35: 1. Sistem menampilkan modul yang sesuai dengan kata kunci | F35: 46269 | G35: Pass
A36: TC24 | B36: Pencarian Modul Tidak Ditemukan | C36: 1. Login menggunakan akun Siswa yang Terdaftar. 2. Klik menu Modul Pembelajaran. 3. Masukkan kata kunci pada kolom pencarian. 4. Klik tombol Cari. | D36: Nama Modul ABCXYZ | E36: 1. Sistem menampilkan bahwa data tidak ditemukan. | F36: 46269 | G36: Pass
A37: TC25 | B37: Filter Level | C37: 1. Login menggunakan akun Siswa yang Terdaftar. 2. Klik menu Modul Pembelajaran. 3. Pilih Level. | D37: Level A1 | E37: 1. Sistem hanya menampilkan modul Level A1. | F37: 46269 | G37: Pass
A38: TC26 | B38: Filter Kategori | C38: 1. Login menggunakan akun Siswa yang Terdaftar. 2. Klik menu Modul Pembelajaran. 3 Pilih kategori. | D38: Kategori Materi | E38: 1. Sistem hanya menampilkan modul kategori Materi. | F38: 46269 | G38: Pass
A39: TC27 | B39: Mengerjakan Modul Pembelajaran | C39: 1. Login menggunakan akun Siswa yang Terdaftar. 2. Klik menu Modul Pembelajaran. 3. Pilih salah satu modul. 4. Klik tombol Mulai. | D39: Modul KONJUGASI | E39: 1. Sistem membuka halaman modul. 2. Sistem menampilkan materi pembelajaran. 3. Sistem menampilkan daftar soal. 4. Sistem menampilkan nomor soal. 5. Sistem menampilkan pilihan jawaban. | F39: 46269 | G39: Pass
A40: TC28 | B40: Menjawab Soal | C40: 1. Login menggunakan akun Siswa yang Terdaftar. 2. Klik menu Modul Pembelajaran. 3. Pilih salah satu modul. 4. Klik tombol Mulai. 5. Klik selanjutnya untuk ke soal 6. Jawab soal. | D40: Jawaban Opsi B | E40: 1. Jawaban tersimpan. 2. Nomor soal berubah menjadi Sudah Dijawab. | F40: 46269 | G40: Pass
A41: TC29 | B41: Berpindah Nomor Soal | C41: 1. Login menggunakan akun Siswa yang Terdaftar. 2. Klik menu Modul Pembelajaran. 3. Pilih salah satu modul. 4. Klik tombol Mulai. 5. Klik selanjutnya untuk ke soal 6. Klik nomor soal lain. | D41: Soal no 1 | E41: 1. Sistem menampilkan soal yang dipilih. | F41: 46269 | G41: Pass
A42: TC30 | B42: Tombol Selanjutnya | C42: 1. Login menggunakan akun Siswa yang Terdaftar. 2. Klik menu Modul Pembelajaran. 3. Pilih salah satu modul. 4. Klik tombol Mulai. 5. Klik selanjutnya untuk ke soal 6. Jawab soal. 7. Klik tombol Selanjutnya. | D42: Soal no 1 | E42: 1. Sistem menampilkan soal Selanjutnya. | F42: 46269 | G42: Pass
A43: TC31 | B43: Tombol Sebelumnya | C43: 1. Login menggunakan akun Siswa yang Terdaftar. 2. Klik menu Modul Pembelajaran. 3. Pilih salah satu modul. 4. Klik tombol Mulai. 5. Klik selanjutnya untuk ke soal 6. Jawab soal. 7. Klik tombol Sebelumnya. | D43: Soal no 2 | E43: 1. Sistem menampilkan soal sebelumnya. | F43: 46269 | G43: Pass
A44: TC32 | B44: Menandai Soal | C44: 1. Login menggunakan akun Siswa yang Terdaftar. 2. Klik menu Modul Pembelajaran. 3. Pilih salah satu modul. 4. Klik tombol Mulai. 5. Klik selanjutnya untuk ke soal 6. Klik tombol Ditandai. | D44: Soal no 1 | E44: Status soal berubah menjadi Ditandai. Nomor soal berubah sesuai indikator. | F44: 46269 | G44: Pass
A45: TC33 | B45: Membatalkan Tanda Soal | C45: 1. Login menggunakan akun Siswa yang Terdaftar. 2. Klik menu Modul Pembelajaran. 3. Pilih salah satu modul. 4. Klik tombol Mulai. 5. Klik selanjutnya untuk ke soal 6. Klik kembali tombol Ditandai. | D45: Soal no 1 | E45: Status tanda dihapus. Nomor soal kembali menampilkan indikator sesuai status jawaban (Sudah Dijawab atau Belum Dijawab). | F45: 46269 | G45: Pass
A46: TC34 | B46: Menyelesaikan Modul | C46: 1. Login menggunakan akun Siswa yang Terdaftar. 2. Klik menu Modul Pembelajaran. 3. Pilih salah satu modul. 4. Klik tombol Mulai. 5. Klik selanjutnya untuk ke soal 6. Jawab seluruh soal. 7. Klik Selesai. | D46: - | E46: 1. Sistem menyimpan seluruh jawaban. 2. Sistem menghitung nilai. 3. Status modul berubah menjadi Selesai. 4. Nilai masuk ke Performa Siswa. | F46: 46269 | G46: Pass
A47: TC35 | B47: Menyelesaikan Modul dengan Masih Ada Soal Kosong | C47: 1. Login menggunakan akun Siswa yang Terdaftar. 2. Klik menu Modul Pembelajaran. 3. Pilih salah satu modul. 4. Klik tombol Mulai. 5. Klik selanjutnya untuk ke soal 6. Kosongkan salah satu soal 7. Klik Selesai. | D47: - | E47: 1. Sistem menampilkan peringatan bahwa masih terdapat soal yang belum dijawab. 2. Pengguna diminta melakukan konfirmasi sebelum menyelesaikan modul. | F47: 46269 | G47: Fail | H47: Belum ada pesan peringatan
A48: 4. PERFORMA SISWA
A49: TC36 | B49: Halaman Performa Siswa | C49: 1. Login menggunakan akun Siswa yang Terdaftar. 2. Klik menu Performa Siswa | D49: Login Siswa | E49: 1. Sistem menampilkan ringkasan performa siswa berdasarkan kategori. 2. Sistem menampilkan jumlah penyelesaian pada setiap kategori. 3. Sistem menampilkan nilai rata-rata pada setiap kategori. 4. Sistem menampilkan riwayat pengerjaan modul. | F49: 46269 | G49: Pass
A50: TC37 | B50: Pencarian Riwayat Modul | C50: 1. Login menggunakan akun Siswa yang Terdaftar. 2. Klik menu Performa Siswa 3. Masukkan nama modul pada kolom pencarian. | D50: Konjugasi | E50: 1. Sistem hanya menampilkan riwayat modul yang sesuai. | F50: 46269 | G50: Pass
A51: TC38 | B51: Pencarian Modul Tidak Ditemukan | C51: 1. Login menggunakan akun Siswa yang Terdaftar. 2. Klik menu Performa Siswa 3. Masukkan nama modul pada kolom pencarian. | D51: ABCXYZ | E51: 1. Sistem menampilkan bahwa data tidak ditemukan. | F51: 46269 | G51: Pass
A52: TC39 | B52: Filter Kategori | C52: 1. Login menggunakan akun Siswa yang Terdaftar. 2. Klik menu Performa Siswa 3. Pilih kategori. | D52: Kategori Materi | E52: 1. Sistem hanya menampilkan riwayat sesuai kategori. | F52: 46269 | G52: Pass
A53: TC40 | B53: Filter Waktu | C53: 1. Login menggunakan akun Siswa yang Terdaftar. 2. Klik menu Performa Siswa 3. Pilih Filter Waktui. | D53: Waktu Bulan Ini | E53: 1. Sistem hanya menampilkan riwayat sesuai periode yang dipilih. | F53: 46269 | G53: Pass
A54: TC41 | B54: Melihat Detail Hasil Pengerjaan | C54: 1. Login menggunakan akun Siswa yang Terdaftar. 2. Klik menu Performa Siswa 3. Klik ikon Lihat pada salah satu riwayat. | D54: Modul KONJUGASI | E54: 1.Sistem membuka halaman detail hasil pengerjaan. 2. Sistem menampilkan informasi modul. 3. Sistem menampilkan nilai. 4. Sistem menampilkan seluruh soal. 5. Sistem menampilkan jawaban siswa. 6. Sistem menampilkan jawaban benar. 7. Sistem menampilkan penjelasan jawaban (jika tersedia). | F54: 46269 | G54: Pass
A55: TC42 | B55: Riwayat Belum Tersedia | C55: 1. Login menggunakan akun Siswa yang Terdaftar. 2. Klik menu Performa Siswa | D55: Login Siswa | E55: 1. Ringkasan kategori tetap ditampilkan. 2. .Jumlah penyelesaian pada setiap kategori bernilai 0. 3. Nilai rata-rata ditampilkan sesuai kondisi sistem (misalnya "-" atau 0). 4. Tabel riwayat tidak menampilkan data dan menampilkan informasi bahwa belum ada riwayat pengerjaan. | F55: 46269 | G55: Pass

Sheet Tutor
A1: TEST CASE
A2: System Name： | B2: LD INDONESIA
A3: Module Code： | B3: LD - Admin
A4: Test requirement:
A5: Pass | B5: =COUNTIF(G:G,"Pass") -> 51 | C5: Pending | D5: =COUNTIF(G:G,"Pending") -> 0
A6: Fail | B6: =COUNTIF(G:G,"Fail") -> 5 | C6: Number of test cases | D6: =COUNTIF(A:A,"*TC*") -> 56
A8: ID | B8: Test Case Description | C8: Test Case Procedure | D8: Test Data | E8: Expected Output | F8: Test date | G8: Result | H8: Note | I8: Screenshoot
A10: 1.Login
A11: TC1 | B11: Lupa Password dengan email terdaftar | C11: 1. Buka halaman login. 2. Klik Lupa Password. 3. Masukkan email terdaftar. 4. Masukkan Password baru & Konfirmasi 5. Klik tombol Simpan Password Baru | D11: yoeltutor@gmail.com pass:12345678 | E11: 1. Sistem menerima email dan melanjutkan proses reset password. | F11: 46270 | G11: Pass
A12: TC2 | B12: Lupa Password dengan email tidak terdaftar | C12: 1. Buka halaman login. 2. Klik Lupa Password. 3. Masukkan email tidak terdaftar. 4. Masukkan Password baru & Konfirmasi 5. Klik tombol Simpan Password Baru | D12: tidakterdaftar@gmail.com pass:12345678 | E12: 1. Sistem menampilkan peringatan bahwa email tidak ditemukan 2. Proses reset password tidak berhasil dan admin masih dihalaman Atur password baru. | F12: 46270 | G12: Pass
A13: TC3 | B13: Lupa Password dengan email kosong | C13: 1. Buka halaman login. 2. Klik Lupa Password. 3. Kosongkan email. 4. Masukkan Password baru & Konfirmasi 5. Klik tombol Simpan Password Baru | D13: Email: kosong pass:12345678 | E13: 1.Sistem menampilkan validasi bahwa pastikan data reset valid . | F13: 46270 | G13: Pass
A14: TC4 | B14: Lupa Password dengan format email tidak valid | C14: 1. Buka halaman login. 2. Klik Lupa Password. 3. Masukkan email dengan format tidak valid. 4. Masukkan Password baru & Konfirmasi 5. Klik tombol Simpan Password Baru | D14: tutorgmail.com | E14: 1. Sistem menampilkan validasi masukkan email yang valid. | F14: 46270 | G14: Pass
A15: TC5 | B15: Membuat password kurang dari 8 karakter | C15: 1. Buka halaman login. 2. Klik Lupa Password. 3. Masukkan email terdaftar. 4. Masukkan Password baru & Konfirmasi dengan karakter kurang dari 8 5. Klik tombol Simpan Password Baru | D15: Password: 1234567 | E15: Sistem menolak password dan menampilkan validasi bahwa password minimal 8 karakter. | F15: 46270 | G15: Pass | H15: Pesan validasi baiknya diganti "password minimal 8" agar user paham
A16: TC6 | B16: Membuat password tepat 8 karakter | C16: 1. Buka halaman login. 2. Klik Lupa Password. 3. Masukkan email terdaftar. 4. Masukkan Password baru & Konfirmasi dengan 8 karakter 5. Klik tombol Simpan Password Baru | D16: Password: 12345678 | E16: 1. Sistem menerima email dan melanjutkan proses reset password. | F16: 46270 | G16: Pass
A17: TC7 | B17: Membuat password lebih dari 8 karakter | C17: 1. Buka halaman login. 2. Klik Lupa Password. 3. Masukkan email terdaftar. 4. Masukkan Password baru & Konfirmasi dengan karakter lebih dari 8 5. Klik tombol Simpan Password Baru | D17: Password: Adminnn123 | E17: 1. Sistem menerima email dan melanjutkan proses reset password. | F17: 46270 | G17: Pass
A18: TC8 | B18: Membuat Password dengan field password kosong | C18: 1. Buka halaman login. 2. Klik Lupa Password. 3. Masukkan email terdaftar. 4. Kosongkan Password 5. Isi Konfirmasi password 6. Klik tombol Simpan Password Baru | D18: Password: kosong | E18: 1.Sistem menampilkan validasi bahwa pastikan data reset valid . | F18: 46270 | G18: Pass
A19: TC9 | B19: Membuat Password dengan field konfirmasi password kosong | C19: 1. Buka halaman login. 2. Klik Lupa Password. 3. Masukkan email terdaftar. 4. Isi Password 5. Kosongkan Konfirmasi password 6. Klik tombol Simpan Password Baru | D19: Password: Adminnn123 Konfirmasi: kosong | E19: 1.Sistem menampilkan validasi bahwa pastikan data reset valid . | F19: 46270 | G19: Pass
A20: TC10 | B20: Password dan konfirmasi password berbeda | C20: 1. Buka halaman login. 2. Klik Lupa Password. 3. Masukkan email terdaftar. 4. Masukkan password baru. 5.. Masukkan konfirmasi password yang berbeda. 6. Klik tombol Simpan Password Baru | D20: Password: Adminnn123 Konfirmasi: Adminnn345 | E20: Sistem menolak perubahan password dan menampilkan peringatan validasi bahwa pastikan data reset valid | F20: 46270 | G20: Pass
A21: TC11 | B21: Login dengan Email dan Password valid | C21: 1. Buka website LD Indonesia. 2. Pastikan halaman Landing Page berhasil ditampilkan. 3. Klik tombol Masuk. 4. Masukkan email yang valid. 5. Masukkan password yang valid. 6. Klik tombol Masuk. | D21: Email : yoeltutor@gmail.com Password : 12345678 | E21: 1. Halaman Login berhasil ditampilkan. 2. Sistem menerima email dan password yang valid. 3. Sistem melakukan autentikasi pengguna. 4. Pengguna berhasil login. 5. Dashboard ditampilkan sesuai hak akses pengguna. | F21: 46270 | G21: Pass
A22: TC12 | B22: Login dengan Email dan Password tidak valid | C22: 1. Buka website LD Indonesia. 2. Pastikan halaman Landing Page berhasil ditampilkan. 3. Klik tombol Masuk. 4. Masukkan email yang tidak valid. 5. Masukkan password tidak yang valid. 6. Klik tombol Masuk. | D22: Email : tutor@.test Password : tutor | E22: Sistem menolak proses login. Pesan kesalahan ditampilkan "Email atau password salah." Pengguna tetap berada pada halaman Login. Kolom login tetap dapat diedit untuk mencoba kembali. | F22: 46270 | G22: Pass | H22: Kalimat peringatan tidak konsisten pakai yang "email atau password salah"
A23: TC13 | B23: Login dengan email yang tidak valid dan password yang valid | C23: 1. Buka website LD Indonesia. 2. Pastikan halaman Landing Page berhasil ditampilkan. 3. Klik tombol Masuk. 4. Masukkan email yang tidak valid. 5. Masukkan password yang valid. 6. Klik tombol Masuk. | D23: Email : tutor@.test Password : 12345678 | E23: Sistem menolak proses login. Pesan kesalahan ditampilkan,"Masukkan alamat email yang valid." Pengguna tetap berada pada halaman Login. Kolom login tetap dapat diedit untuk mencoba kembali. | F23: 46270 | G23: Pass
A24: TC14 | B24: Login dengan email yang valid dan password yang tidak valid | C24: 1. Buka website LD Indonesia. 2. Pastikan halaman Landing Page berhasil ditampilkan. 3. Klik tombol Masuk. 4. Masukkan email yang valid. 5. Masukkan password yang tidak valid. 6. Klik tombol Masuk. | D24: Email : yoeltutor@gmail.com Password : tutor | E24: Sistem menolak proses login. Pesan kesalahan ditampilkan,"Masukkan password yang valid." Pengguna tetap berada pada halaman Login. Kolom login tetap dapat diedit untuk mencoba kembali. | F24: 46270 | G24: Pass
A25: TC15 | B25: Login dengan email kosong | C25: 1. Buka website LD Indonesia. 2. Pastikan halaman Landing Page berhasil ditampilkan. 3. Klik tombol Masuk. 4. Kosongkan email 5. Masukkan password yang valid. 6. Klik tombol Masuk. | D25: Email : - Password : password | E25: Sistem menolak proses login. Pesan kesalahan ditampilkan,"Email wajib diisi." Pengguna tetap berada pada halaman Login. Kolom login tetap dapat diedit untuk mencoba kembali. | F25: 46270 | G25: Pass
A26: TC16 | B26: Login dengan password kosong | C26: 1. Buka website LD Indonesia. 2. Pastikan halaman Landing Page berhasil ditampilkan. 3. Klik tombol Masuk. 4. Masukkan email yang valid. 5. Kosongkan password. 6. Klik tombol Masuk. | D26: Email : admin@ldindonesia.test Password : - | E26: Sistem menolak proses login. Pesan kesalahan ditampilkan,"Password wajib diisi." Pengguna tetap berada pada halaman Login. Kolom login tetap dapat diedit untuk mencoba kembali. | F26: 46270 | G26: Pass
A27: TC17 | B27: Login dengan email dan password kosong | C27: 1. Buka website LD Indonesia. 2. Pastikan halaman Landing Page berhasil ditampilkan. 3. Klik tombol Masuk. 4. Kosongkan email. 5. Kosongkan password. 6. Klik tombol Masuk. | D27: Email : - Password : - | E27: Sistem menolak proses login. Pesan kesalahan ditampilkan,"Email dan Password wajib diisi." Pengguna tetap berada pada halaman Login. Kolom login tetap dapat diedit untuk mencoba kembali. | F27: 46270 | G27: Pass | H27: Pesan kesalahannya masi "email wajib diisi"
A28: 2. Dashboard
A29: TC18 | B29: Dashboard | C29: 1. Login menggunakan akun Admin yang valid. | D29: Login Admin | E29: 1. Halaman Dashboard berhasil ditampilkan. 2. URL mengarah ke /dashboard. | F29: 46270 | G29: Pass
A30: TC19 | B30: Informasi Pengguna | C30: 1. Login menggunakan akun Admin yang valid. | D30: Login Admin | E30: 1. Halaman Dashboard berhasil ditampilkan. 2. Informasi pengguna ditampilkan di pojok kanan atas. 3. Nama pengguna ditampilkan dengan benar. 4. Role pengguna (Admin) ditampilkan dengan benar. | F30: 46270 | G30: Pass
A31: TC20 | B31: Card Statistik | C31: 1. Login menggunakan akun Admin yang valid. | D31: Login Admin | E31: 1. Halaman Dashboard berhasil ditampilkan. 2. Card Total Siswa ditampilkan. 3. Card Total Modul ditampilkan. 4. Card Perlu Penilaian ditampilkan. 5. Nilai pada setiap card sesuai dengan data yang tersedia. 6. Jika belum terdapat data, nilai yang ditampilkan adalah 0. | F31: 46270 | G31: Pass
A32: TC21 | B32: Ringkasan Modul | C32: 1. Login menggunakan akun Admin yang valid. | D32: Login Admin | E32: 1. Halaman Dashboard berhasil ditampilkan. 2. Ringkasan Modul ditampilkan pada Dashboard. 3. Daftar kategori modul (Materi, Simulasi Hören, Simulasi Lesen, Simulasi Schreiben, dan Simulasi Sprechen) ditampilkan. 4.Jumlah pada setiap kategori ditampilkan sesuai data yang tersedia. 5. Jika belum terdapat data, jumlah yang ditampilkan adalah 0. | F32: 46270 | G32: Pass
A33: TC22 | B33: Daftar Perlu Dinilai | C33: 1. Login menggunakan akun Admin yang valid. | D33: Login Admin | E33: 1. Halaman Dashboard berhasil ditampilkan. 2. Panel Perlu Dinilai ditampilkan pada Dashboard. 3. Jika terdapat tugas yang belum dinilai, daftar tugas ditampilkan. 4. Jika tidak terdapat tugas yang belum dinilai, sistem menampilkan pesan "Tidak ada pengerjaan yang menunggu penilaian." | F33: 46270 | G33: Pass
A34: TC23 | B34: Lihat Semua Modul | C34: 1. Login menggunakan akun Admin yang valid. 2. Klik tombol Lihat semua modul pada card ringkasan modul. | D34: Login Admin | E34: 1. Admin diarahkan ke halaman Modul Pembelajaran. 2. Halaman Modul Pembelajaran berhasil ditampilkan. | F34: 46270 | G34: Pass
A35: 3. Modul Pembelajaran
A36: TC24 | B36: Halaman Modul Pembelajaran | C36: 1. Login menggunakan akun Admin yang valid. 2. Klik menu Modul Pembelajaran. | D36: Login Admin | E36: 1. Halaman Kelola Modul berhasil ditampilkan. 2. Daftar modul ditampilkan. 3. Jika belum terdapat data, sistem menampilkan pesan "Modul belum tersedia". | F36: 46270 | G36: Pass
A37: FORM TAMBAH MODUL
A38: TC25 | B38: Tambah Modul Kategori Materi (Data Valid) | C38: 1. Login menggunakan akun Admin yang valid. 2. Klik menu Modul Pembelajaran. 3. Klik Tambah Modul 4. Isi Judul Modul. 5. Pilih Level. 6. Pilih kategori Materi. 7. Isi Deskripsi. 8. Unggah file materi. 9. Klik Selanjutnya. 10.Tambahkan soal. 11. Isi pilihan jawaban. 12. Isi penjelasan jawaban (opsional) 13. Klik Simpan Semua Soal. | D38: Judul Modul : Einführung A1 Level : A1 Kategori: Materi Deskripsi: Materi pengenalan bahasa Jerman tingkat A1 File Materi : `Materi_A1_Pengenalan.pdf` Apa arti dari "Guten Morgen"? Pilihan A :Selamat Pagi Pilihan B :Selamat Siang Pilihan C :Selamat Malam Pilihan D :Sampai Jumpa Jawaban Benar : A Penjelasan : "Guten Morgen" digunakan untuk mengucapkan selamat pagi. | E38: 1. Modul berhasil dibuat. 2. Pengguna diarahkan ke halaman Kelola modul 3. Data modul muncul dan tersimpan. | F38: 46270 | G38: Pass
A39: TC26 | B39: Tambah Modul Kategori Simulasi Hoeren (Data Valid) | C39: 1. Login menggunakan akun Admin yang valid. 2. Klik menu Modul Pembelajaran. 3. Klik Tambah Modul 4. Isi Judul Modul. 5. Pilih Level. 6. Pilih kategori Simulasi Hoeren . 7. Isi Deskripsi. 8. Klik Selanjutnya. 9.Tambahkan soal. 10. Upload Audio. 11. Isi pilihan jawaban. 12. Isi penjelasan jawaban (opsional) 13. Klik Simpan Semua Soal. | D39: Judul Modul:Begrüßung Level: A2 Kategori: Simulasi Hören Deskripsi: Simulasi latihan mendengarkan percakapan sederhana bahasa Jerman tingkat A1. Pertanyaan : Berdasarkan audio, apa yang diucapkan saat menyapa di pagi hari? Pilihan A : Guten Morgen Pilihan B : Guten Abend Pilihan C : Gute Nacht Pilihan D : Auf Wiedersehen Jawaban Benar : A Penjelasan : Pada audio terdengar ucapan "Guten Morgen" sebagai salam di pagi hari. | E39: 1. Modul berhasil dibuat. 2. Pengguna diarahkan ke halaman Kelola modul 3. Data modul muncul dan tersimpan. | F39: 46270 | G39: Fail | H39: File materi Audio keterangan "Tidak Ada"
A40: TC27 | B40: Tambah Modul Kategori Simulasi Lesen(Data Valid) | C40: 1. Login menggunakan akun Admin yang valid. 2. Klik menu Modul Pembelajaran. 3. Klik Tambah Modul 4. Isi Judul Modul. 5. Pilih Level. 6. Pilih kategori Simulasi Lesen . 7. Isi Deskripsi. 8. Klik Selanjutnya. 9.Tambahkan soal. 11. Isi pilihan jawaban. 12. Isi penjelasan jawaban (opsional) 13. Klik Simpan Semua Soal. | D40: Judul Modul: Familie Level : B1 Kategori : Simulasi Lesen Deskripsi : Simulasi latihan membaca teks sederhana tentang keluarga. Hallo! Ich heiße Anna. Ich wohne mit meiner Familie in Berlin. Ich habe einen Bruder und eine Schwester. Wir spielen jeden Sonntag zusammen im Park. Pertanyaan : Mit wem wohnt Anna? Pilihan A : Mit ihrer Familie Pilihan B : Mit ihrer Freundin Pilihan C : Allein Pilihan D : Mit ihren Großeltern Jawaban Benar :A Penjelasan : Pada teks tertulis "Ich wohne mit meiner Familie in Berlin." | E40: 1. Modul berhasil dibuat. 2. Pengguna diarahkan ke halaman Kelola modul 3. Data modul muncul dan tersimpan. | F40: 46270 | G40: Pass
A41: TC28 | B41: Tambah Modul Kategori Simulasi Schreiben(Data Valid) | C41: 1. Login menggunakan akun Admin yang valid. 2. Klik menu Modul Pembelajaran. 3. Klik Tambah Modul 4. Isi Judul Modul. 5. Pilih Level. 6. Pilih kategori Simulasi Schreiben. 7. Isi Deskripsi. 8. Klik Selanjutnya. 9.Tambahkan soal. 12. Isi penjelasan jawaban (opsional) 13. Klik Simpan Semua Soal. | D41: Judul Modul : Perkenalan Diri Level : B2 Kategori: Simulasi Schreiben Deskripsi: Simulasi latihan menulis perkenalan diri dalam bahasa Jerman. Instruksi : Schreiben Sie eine kurze Vorstellung über sich selbst (30-50 Wörter). | E41: 1. Modul berhasil dibuat. 2. Pengguna diarahkan ke halaman Kelola modul 3. Data modul muncul dan tersimpan. | F41: 46270 | G41: Pass
A42: TC29 | B42: Tambah Modul Kategori Simulasi Sprechen (Data Valid) | C42: 1. Login menggunakan akun Admin yang valid. 2. Klik menu Modul Pembelajaran. 3. Klik Tambah Modul 4. Isi Judul Modul. 5. Pilih Level. 6. Pilih kategori Simulasi Sprechen. 7. Isi Deskripsi. 8. Klik Selanjutnya. 9.Tambahkan soal. 12. Isi penjelasan jawaban (opsional) 13. Klik Simpan Semua Soal. | D42: Judul Modul : Hobbys Level : A1 Kategori :Simulasi Sprechen Deskripsi : Simulasi latihan berbicara mengenai hobi dalam bahasa Jerman Topik Sprechen : Erzählen Sie über Ihre Hobbys. (Ceritakan tentang hobi Anda.) Sampaikan jawaban selama 1-2 menit menggunakan bahasa Jerman. | E42: 1. Modul berhasil dibuat. 2. Pengguna diarahkan ke halaman Kelola modul 3. Data modul muncul dan tersimpan. | F42: 46270 | G42: Pass
A43: TC30 | B43: Form Tambah Modul dengan Seluruh Field Wajib Kosong | C43: 1.Login menggunakan akun Admin yang valid. 2.Klik menu Modul Pembelajaran. 3.Klik tombol Tambah Modul. 4.Biarkan seluruh field wajib kosong. 5. Klik Selanjutnya. | D43: Login Admin | E43: 1.Sistem menampilkan pesan validasi pada setiap field yang wajib diisi. 2. Admin tidak dapat melanjutkan ke halaman pengisian konten modul. 3. Admin tetap berada pada halaman Tambah Modul. | F43: 46270 | G43: Pass | H43: Untuk pesan deskripsinya belum muncul
A44: TC31 | B44: Form Tambah Modul dengan Judul Modul Kosong | C44: 1. Login menggunakan akun Admin yang valid. 2. Klik menu Modul Pembelajaran. 3. Klik Tambah Modul 4. Kosongkan Judul Modul. 5. Pilih Level. 6. Pilih kategori Materi. 7. Isi Deskripsi. 8. Unggah file materi. 9. Klik Selanjutnya. | D44: Judul Modul: - Level: A1 Kategori: Materi Deskripsi : Materi pengenalan kosakata dan salam dalam bahasa Jerman. | E44: 1. Sistem menampilkan pesan bahwa Judul Modul wajib diisi. 2. Admin tidak dapat melanjutkan ke halaman pengisian konten modul. 3. Admin tetap berada pada halaman Tambah Modul. | F44: 46270 | G44: Pass
A45: TC32 | B45: Form Tambah Modul dengan Level Kosong | C45: 1. Login menggunakan akun Admin yang valid. 2. Klik menu Modul Pembelajaran. 3. Klik Tambah Modul 4. Isi Judul Modul. 5. Kosongkan Level. 6. Pilih kategori Materi. 7. Isi Deskripsi. 8. Unggah file materi. 9. Klik Selanjutnya. | D45: Judul Modul: Einführung Level: - Kategori: Materi Deskripsi : Materi pengenalan kosakata dan salam dalam bahasa Jerman. | E45: 1. Sistem menampilkan pesan "Pilih level modul" 2. Admin tidak dapat melanjutkan ke halaman pengisian konten modul. 3. Admin tetap berada pada halaman Tambah Modul. | F45: 46270 | G45: Pass
A46: TC33 | B46: Form Tambah Modul dengan Kategori Kosong | C46: 1. Login menggunakan akun Admin yang valid. 2. Klik menu Modul Pembelajaran. 3. Klik Tambah Modul 4. Isi Judul Modul. 5. Pilih Level. 6. Kosongkan kategori. 7. Isi Deskripsi. 8. Klik Selanjutnya. | D46: Judul Modul: Einführung Level: A1 Kategori: - Deskripsi : Materi pengenalan kosakata dan salam dalam bahasa Jerman. | E46: 1. Sistem menampilkan pesan "Pilih kategori modul" 2. Admin tidak dapat melanjutkan ke halaman pengisian konten modul. 3. Admin tetap berada pada halaman Tambah Modul. | F46: 46270 | G46: Pass
A47: TC34 | B47: Form Tambah Modul dengan Deskripsi Kosong | C47: 1. Login menggunakan akun Admin yang valid. 2. Klik menu Modul Pembelajaran. 3. Klik Tambah Modul 4. Isi Judul Modul. 5. Pilih Level. 6. Pilih kategori Materi. 7. Kosongkan Deskripsi. 8. Unggah File Materi 9. Klik Selanjutnya. | D47: Judul Modul: Einführung Level: A1 Kategori: Materi Deskripsi : - | E47: 1. Sistem menampilkan pesan "Deskripsi wajib diisi" 2. Admin tidak dapat melanjutkan ke halaman pengisian konten modul. 3. Admin tetap berada pada halaman Tambah Modul. | F47: 46270 | G47: Fail | H47: Notifikasi belum konsisten masih server, samakan dengan yang lain
A48: TC35 | B48: Form Tambah Modul Kategori Materi dengan File Kosong | C48: 1. Login menggunakan akun Admin yang valid. 2. Klik menu Modul Pembelajaran. 3. Klik Tambah Modul 4. Isi Judul Modul. 5. Pilih Level. 6. Pilih kategori Materi. 7. Isi Deskripsi. 8. Kosongkan File Materi 9. Klik Selanjutnya. | D48: Judul Modul: Einführung Level: A1 Kategori: Materi Deskripsi : Materi pengenalan kosakata dan salam dalam bahasa Jerman. | E48: 1. Sistem menampilkan pesan "File wajib diunggah " 2. Admin tidak dapat melanjutkan ke halaman pengisian konten modul. 3. Admin tetap berada pada halaman Tambah Modul. | F48: 46270 | G48: Fail | H48: Notifikasi belum konsisiten masih server, samakan dengan yang lain
A49: KONTEN MODUL
A50: TC36 | B50: Menambahkan Lebih dari Satu Soal pada Modul Materi | C50: 1. Login menggunakan akun Admin yang valid. 2. Klik menu Modul Pembelajaran. 3. Klik Tambah Modul 4. Isi Judul Modul. 5. Pilih Level. 6. Pilih kategori Materi. 7. Isi Deskripsi. 8. Upload File Materi 9. Klik Selanjutnya. 10. Tambahkan soal (lebih dari 1 ). 11. Klik simpan semua soal. | D50: Apa arti dari "Guten Morgen"? Pilihan A :Selamat Pagi Pilihan B :Selamat Siang Pilihan C :Selamat Malam Pilihan D :Sampai Jumpa Jawaban Benar : A Penjelasan : "Guten Morgen" digunakan untuk mengucapkan selamat pagi. | E50: 1.Soal baru berhasil ditambahkan setiap kali tombol + Tambah Soal diklik. 2.Seluruh soal berhasil disimpan. 3. Jumlah soal sesuai dengan yang ditambahkan. | F50: 46270 | G50: Pass
A51: TC37 | B51: Tambah Soal dengan Pertanyaan Kosong | C51: 1. Login menggunakan akun Tutor yang valid. 2. Klik menu Modul Pembelajaran. 3. Klik Tambah Modul 4. Isi Judul Modul. 5. Pilih Level. 6. Pilih kategori Materi. 7. Isi Deskripsi. 8. Upload File Materi 9. Klik Selanjutnya. 10. Kosongkan soal. 11. Klik simpan semua soal. | D51: Pertanyaan (Kosong) Pilihan A :Selamat Pagi Pilihan B :Selamat Siang Pilihan C :Selamat Malam Pilihan D :Sampai Jumpa Jawaban Benar : A | E51: 1. Soal tidak berhasil disimpan. 2. Sistem menampilkan pesan bahwa Pertanyaan wajib diisi. 3. Pengguna tetap berada pada halaman tambah soal. | F51: 46270 | G51: Pass
A52: TC38 | B52: Tambah Soal dengan Pilihan Jawaban Tidak Lengkap / Kosong | C52: 1. Login menggunakan akun Tutor yang valid. 2. Klik menu Modul Pembelajaran. 3. Klik Tambah Modul 4. Isi Judul Modul. 5. Pilih Level. 6. Pilih kategori Materi. 7. Isi Deskripsi. 8. Upload File Materi 9. Klik Selanjutnya. 10. Tambahkan soal. 11. Kosongkan Opsi Pilihan 11. Klik simpan semua soal. | D52: Pertanyaan Apa arti "Guten Morgen"? Pilihan A :Selamat Pagi Pilihan B :Selamat Siang Pilihan C :(Kosong) Pilihan D :(Kosong) Jawaban Benar A | E52: 1. Soal tidak berhasil disimpan. 2. Sistem menampilkan pesan "Opsi x pada soal nomor x belum diisi". 3. Pengguna tetap berada pada halaman tambah soal. | F52: 46270 | G52: Pass
A53: TC39 | B53: Melihat Detail Modul | C53: 1. Login menggunakan akun Tutor yang valid. 2. Klik menu Modul Pembelajaran. 3. Klik ikon Lihat pada salah satu modul. | D53: Modul Einführung A1 | E53: 1.Sistem menampilkan halaman detail modul. 2. Informasi modul, materi, dan soal ditampilkan sesuai data yang tersimpan. | F53: 46270 | G53: Pass | H53: Tombol Kembali masih menuju form , File PDF kosong apakah tidk bs muncul filenya ?
A54: TC40 | B54: Edit Modul | C54: Login menggunakan akun Tutor yang valid. Klik menu Modul Pembelajaran. Klik ikon Edit pada salah satu modul. Ubah data modul. Klik tombol Simpan. | D54: Judul Modul: Einführung A1 > Einführung A1 Dasar Deskripsi: Materi pengenalan bahasa Jerman > Materi pengenalan kosakata bahasa Jerman tingkat A1. | E54: 1. Sistem berhasil menyimpan perubahan modul. 2. Data modul pada daftar modul diperbarui sesuai perubahan. | F54: 46270 | G54: Pass | H54: 1. Tombol Kembali masih menuju form , 2. File PDF kosong apakah tidk bs muncul filenya ?
A55: TC41 | B55: Hapus Modul | C55: 1.Login menggunakan akun Tutor yang valid. 2.Klik menu Modul Pembelajaran. 3.Klik ikon Hapus pada salah satu modul. 4. Klik tombol Konfirmasi. | D55: Modul Einführung A1 | E55: 1.Sistem menampilkan pesan berhasil menghapus modul. 2.Modul tidak lagi ditampilkan pada daftar modul. | F55: 46270 | G55: Pass
A56: TC42 | B56: Rilis Modul | C56: 1. Login menggunakan akun Admin yang valid. 2. Klik menu Modul Pembelajaran. 3. Cari modul yang belum dirilis (ikon mata tertutup). 4. Klik ikon Rilis (ikon mata) | D56: Modul Einführung A1 | E56: 1. Status rilis modul berhasil diperbarui. 2. Ikon Rilis berubah dari mata tertutup menjadi mata terbuka. 3. Modul tidak lagi ditampilkan pada halaman siswa. | F56: 46270 | G56: Pass
A57: TC43 | B57: Batalkan Rilis Modul | C57: 1. Login menggunakan akun Tutor yang valid. 2. Klik menu Modul Pembelajaran. 3. Cari modul yang sudah dirilis (ikon mata terbuka). 4. Klik ikon Rilis (ikon mata). | D57: Modul Einführung A1 | E57: 1. Status rilis modul berhasil diperbarui. 2. Ikon Rilis berubah dari mata terbuka menjadi mata tertutup. 3. Modul tidak lagi ditampilkan pada halaman siswa. | F57: 46270 | G57: Pass
A58: TC44 | B58: Pencarian Modul | C58: 1. Login menggunakan akun Tutor yang valid. 2. Klik menu Modul Pembelajaran. 3. Masukkan kata kunci pada kolom pencarian. 4. Klik tombol Cari. | D58: Kata Kunci : Einführung | E58: 1. Sistem menampilkan daftar modul yang sesuai dengan kata kunci pencarian. | F58: 46270 | G58: Pass
A59: TC45 | B59: Pencarian Modul dengan Kata Kunci yang Tidak Ditemukan | C59: 1. Login menggunakan akun Tutor yang valid. 2. Klik menu Modul Pembelajaran. 3. Masukkan kata kunci pada kolom pencarian. 4. Klik tombol Cari. | D59: Kata Kunci : XYZ123 | E59: 1. Sistem menampilkan informasi bahwa data modul tidak tersedia. 2. Tidak ada data modul yang ditampilkan pada daftar hasil pencarian. | F59: 46270 | G59: Pass
A60: TC46 | B60: Filter Modul Berdasarkan Level | C60: 1. Login menggunakan akun Tutor yang valid. 2. Klik menu Modul Pembelajaran. 3. Pilih level pada filter. | D60: Level A1 | E60: 1. Sistem menampilkan daftar modul dengan level A1. Modul dengan level selain A1 tidak ditampilkan. | F60: 46270 | G60: Pass
A61: 4. PERFORMA SISWA
A62: TC47 | B62: Halaman Performa SIswa | C62: 1. Login menggunakan akun Tutor yang valid. 2. Klik menu Performa Siswa | D62: Login Admin | E62: 1. Halaman Kelola Modul berhasil ditampilkan. 2. Daftar Perfoma siswa ditampilkan. 3. Jika belum terdapat data, sistem menampilkan pesan "Belum ada data siswa". | F62: 46270 | G62: Pass
A63: TC48 | B63: Detail Performa Siswa | C63: 1. Login menggunakan akun Tutor yang valid. 2. Klik menu Performa Siswa. 3. Klik ikon Lihat pada salah satu siswa. | D63: Siswa A1 | E63: 1. Sistem menampilkan halaman Detail Siswa. 2. Sistem menampilkan informasi profil siswa. 3. Sistem menampilkan ringkasan nilai setiap kategori. 4. Sistem menampilkan riwayat aktivitas siswa. | F63: 46270 | G63: Pass
A64: TC49 | B64: Detail Hasil Pengerjaan Siswa | C64: 1. Login menggunakan akun Tutor yang valid. 2. Klik menu Performa Siswa. 3. Klik ikon Lihat pada salah satu siswa. 4. Klik tombol Lihat pada salah satu riwayat aktivitas. | D64: Konjugasi | E64: 1. Sistem menampilkan halaman detail hasil pengerjaan. | F64: 46270 | G64: Pass
A65: TC50 | B65: Pencarian Performa Siswa | C65: 1. Login menggunakan akun Tutor yang valid. 2. Klik menu Performa Siswa. 3. Masukkan nama siswa pada kolom pencarian. | D65: wawa | E65: 1. Sistem menampilkan data siswa yang sesuai dengan kata kunci pencarian. | F65: 46270 | G65: Pass
A66: TC51 | B66: Pencarian Performa Siswa Tidak Ditemukan | C66: 1. Login menggunakan akun Tutor yang valid. 2. Klik menu Performa Siswa. 3. Masukkan nama siswa yang tidak terdaftar. | D66: ABC123XYZ | E66: 1. Sistem menampilkan informasi bahwa data siswa tidak ditemukan. | F66: 46270 | G66: Pass
A67: TC52 | B67: Filter Berdasarkan Level | C67: 1. Login menggunakan akun Tutor yang valid. 2. Klik menu Performa Siswa. 3. Pilih level pada filter. | D67: A1 | E67: 1. Sistem hanya menampilkan siswa dengan level yang dipilih. | F67: 46270 | G67: Pass
A68: TC53 | B68: Ekspor Data Performa Siswa ke Excel | C68: 1. Login menggunakan akun Tutor yang valid. 2. Klik menu Performa Siswa. 3. Klik tombol Ekspor Excel. | D68: Excel (.xlsx) | E68: 1. Sistem berhasil mengekspor data performa seluruh siswa ke file Excel. 2. File Excel berhasil diunduh. | F68: 46270 | G68: Fail | H68: Masih ada kolom "Aksi" dan penamaannya file excel masih ada "Tutor" | I68: Screenshot 2026-09-06 141054.png
A69: TC54 | B69: Filter Riwayat Aktivitas Siswa Berdasarkan Kategori | C69: 1. Login menggunakan akun Tutor yang valid. 2. Klik menu Performa Siswa. 3. Klik ikon Lihat pada salah satu siswa. 4.Pilih kategori pada filter riwayat aktivitas. | D69: Materi | E69: 1. Sistem menampilkan riwayat aktivitas sesuai kategori yang dipilih. | F69: 46270 | G69: Pass
A70: TC55 | B70: Filter Riwayat Aktivitas Siswa Berdasarkan Waktu | C70: 1. Login menggunakan akun Tutor yang valid. 2. Klik menu Performa Siswa. 3. Klik ikon Lihat pada salah satu siswa. 4. Pilih waktu pada filter. | D70: Bulan Ini | E70: 1. Sistem menampilkan riwayat aktivitas sesuai periode waktu yang dipilih. | F70: 46270 | G70: Pass
A71: TC56 | B71: Ekspor Data Detail Siswa ke Excel | C71: 1. Login menggunakan akun Tutor yang valid. 2. Klik menu Performa Siswa. 3. Klik ikon Lihat pada salah satu siswa. 4. Klik tombol Ekspor. | D71: Excel (.xlsx) | E71: 1. Sistem berhasil mengekspor data performa siswa ke file Excel. 2. File Excel berhasil diunduh. | F71: 46270 | G71: Fail | H71: Masih ada kolom "AKSI " | I71: Screenshot 2026-09-06 141045.png

Sheet Test Report
A1: TEST REPORT LD INDONESIA
A3: Note: | B3: LD- Admin
A4: Date | B4: 46271
A6: No | B6: Module code | C6: Pass | D6: Fail | E6: Pending | F6: Number of test cases
A7: 1 | B7: LD- Admin | C7: =Admin!B5 -> 68 | D7: =Admin!B6 -> 5 | E7: =Admin!D5 -> 0 | F7: =Admin!D6 -> 73
B9: Sub total | C9: =C7 -> 68 | D9: =D7 -> 5 | E9: =E7 -> 0 | F9: =C9+D9+E9 -> 73
A12: Note: | B12: LD- Siswa
A13: Date | B13: 46271
A15: No | B15: Module code | C15: Pass | D15: Fail | E15: Pending | F15: Number of test cases
A16: 1 | B16: LD- Siswa | C16: =Siswa!B5 -> 40 | D16: =Siswa!B6 -> 2 | E16: =Siswa!D5 -> 0 | F16: =Siswa!D6 -> 42
B18: Sub total | C18: =C16 -> 40 | D18: =D16 -> 2 | E18: =E16 -> 0 | F18: =C18+D18+E18 -> 42
A21: Note: | B21: LD- Tutor
A22: Date | B22: 46001
A24: No | B24: Module code | C24: Pass | D24: Fail | E24: Pending | F24: Number of test cases
A25: 1 | B25: LD- Tutor | C25: =Tutor!B5 -> 51 | D25: =Tutor!B6 -> 5 | E25: =Tutor!D5 -> 0 | F25: =Tutor!D6 -> 56
B27: Sub total | C27: =C25 -> 51 | D27: =D25 -> 5 | E27: =E25 -> 0 | F27: =C27+D27+E27 -> 56
A31: No | B31: Module code | C31: Pass | D31: Fail | E31: Pending | F31: Number of test cases
A32: 1 | B32: =B7 -> LD- Admin | C32: =C9 -> 68 | D32: =D9 -> 5 | E32: =E9 -> 0 | F32: =F9 -> 73
A33: 2 | B33: =B16 -> LD- Siswa | C33: =C18 -> 40 | D33: =D18 -> 2 | E33: =E18 -> 0 | F33: =F18 -> 42
A34: 3 | B34: =B25 -> LD- Tutor | C34: =C27 -> 51 | D34: =D27 -> 5 | E34: =E27 -> 0 | F34: =F27 -> 56
B35: Sub total | C35: =SUM(C32:C34) -> 159 | D35: =SUM(D32:D34) -> 12 | E35: =SUM(E32:E34) -> 0 | F35: =SUM(F32:F34) -> 171
A37: Test coverage | C37: =(C35+D35)*100/F35 -> 100 | D37: %
A38: Test successful coverage | C38: =C35*100/F35 -> 92.982456 | D38: %
